*2010,1/3/2011,,,,
1,1,Chris Kirk,69,2967,43
2,2,David Mathis,69.02,3244,47
3,3,Roberto Castro,69.17,1660,24
4,4,Michael Putnam,69.24,3116,45
5,5,Jeff Curl,69.32,1941,28
6,6,Jamie Lovemark,69.44,3125,45
7,7,Fabian Gomez,69.46,3612,52
T8,T8,David Hearn,69.49,3544,51
T8,T8,William McGirt,69.49,3266,47
T8,T8,Peter Tomasulo,69.49,2849,41
11,11,Gavin Coles,69.54,3199,46
12,12,Tag Ridings,69.58,3827,55
13,13,Daniel Summerhays,69.6,3689,53
14,14,Hunter Haas,69.62,3272,47
T15,T15,Scott Gutschewski,69.65,3622,52
T15,T15,Brian Smock,69.65,3413,49
17,17,Jhonattan Vegas,69.72,3277,47
18,18,Jon Mills,69.73,3556,51
19,19,Tommy Gainey,69.76,3837,55
20,20,Chris Nallen,69.77,3698,53
T21,T21,Kevin Chappell,69.8,3420,49
T21,T21,Doug LaBelle II,69.8,3839,55
23,23,Kevin Kisner,69.81,3700,53
T24,T24,John Riegger,69.86,3004,43
T24,T24,Andrew Svoboda,69.86,4122,59
T26,T26,Ryan Armour,69.89,3984,57
T26,T26,James Hahn,69.89,3984,57
T26,T26,Justin Hicks,69.89,3984,57
29,29,Keegan Bradley,69.91,3985,57
30,30,Brandt Jobe,69.94,3287,47
T31,T31,Paul Claxton,69.96,3848,55
T31,T31,Scott Gardiner,69.96,3988,57
33,33,Matt Davidson,70,2030,29
T34,T34,Camilo Benedetti,70.02,3011,43
T34,T34,Jonas Blixt,70.02,3711,53
36,36,Scott Dunlap,70.08,3644,52
37,37,Jim Herman,70.1,3575,51
T38,T38,Adam Bland,70.13,3717,53
T38,T38,Jeff Brehaut,70.13,3857,55
T40,T40,Rob Oppenheim,70.14,3998,57
T40,T40,Martin Piller,70.14,3437,49
T40,T40,Scott Stallings,70.14,3998,57
43,43,Brendan Steele,70.17,3719,53
44,44,Steven Bowditch,70.18,3158,45
45,45,Colt Knost,70.19,3650,52
T46,T46,David Branshaw,70.2,3510,50
T46,T46,Andrew Buckle,70.2,3861,55
T46,T46,Kent Jones,70.2,2106,30
T49,T49,B.J. Staten,70.21,3370,48
T49,T49,Gary Woodland,70.21,1966,28
51,51,Marco Dawson,70.23,2107,30
52,52,D.J. Brigman,70.24,3582,51
53,53,Justin Peters,70.26,3302,47
T54,T54,Kyle Thompson,70.27,3443,49
T54,T54,Ron Whittaker,70.27,3162,45
56,56,Scott Brown,70.28,3303,47
T57,T57,Travis Bertoni,70.29,2882,41
T57,T57,Scott Sterling,70.29,3444,49
59,59,Jonathan Kaye,70.3,2109,30
60,60,J.J. Killeen,70.32,3938,56
61,61,Bobby Gates,70.33,3165,45
62,62,Frank Lickliter II,70.36,2955,42
63,63,Jason Gore,70.37,2885,41
64,64,Zack Miller,70.38,3519,50
65,65,Dave Schultz,70.39,3590,51
T66,T66,Joe Affrunti,70.42,3732,53
T66,T66,Ken Duke,70.42,3169,45
T66,T66,Bradley Iles,70.42,3873,55
T66,T66,Kyle Stanley,70.42,3732,53
70,70,Craig Barlow,70.43,2113,30
71,71,Alistair Presnell,70.49,3877,55
72,72,Chris Kamin,70.5,1974,28
T73,T73,Bob May,70.51,3596,51
T73,T73,Darron Stiles,70.51,3596,51
75,75,Adam Meyer,70.53,3315,47
T76,T76,Brad Adamonis,70.55,2046,29
T76,T76,Luke List,70.55,3739,53
78,78,Mark Anderson,70.57,3740,53
T79,T79,Josh Broadaway,70.59,3459,49
T79,T79,Todd Demsey,70.59,2047,29
81,81,Patrick Sheehan,70.6,3883,55
T82,T82,Nate Smith,70.63,3955,56
T82,T82,Tjaart van der Walt,70.63,2825,40
T84,T84,Gary Christian,70.64,3179,45
T84,T84,Brad Elder,70.64,3532,50
T84,T84,Dicky Pride,70.64,3108,44
T84,T84,Casey Wittenberg,70.64,3885,55
88,88,Jason Enloe,70.65,3250,46
89,89,Justin Smith,70.7,3323,47
90,90,Mark Hensby,70.74,1627,23
91,91,Geoffrey Sisk,70.76,3609,51
T92,T92,Michael Clark II,70.78,2548,36
T92,T92,Nick Flanagan,70.78,3468,49
T92,T92,Stephen Leaney,70.78,1911,27
95,95,Miguel Angel Carballo,70.83,3683,52
96,96,Trevor Murphy,70.86,3614,51
T97,T97,Barrett Jarosch,70.88,3615,51
T97,T97,John Kimbell,70.88,3473,49
T97,T97,Dustin Risdon,70.88,2339,33
100,100,Jin Park,70.9,3616,51
101,101,Bubba Dickerson,70.98,3904,55
102,102,Won Joon Lee,71,4047,57
103,103,Todd Fischer,71.02,3054,43
104,104,Esteban Toledo,71.04,3481,49
105,105,Rick Price,71.05,2629,37
106,106,Aaron Watkins,71.1,3626,51
107,107,David McKenzie,71.13,3201,45
108,108,Kelly Grunewald,71.14,3628,51
T109,T109,Jay Delsing,71.2,2136,30
T109,T109,Bronson La'Cassie,71.2,3489,49
T111,T111,Ty Harris,71.21,4059,57
T111,T111,Madalitso Muthiya,71.21,1994,28
113,113,Brice Garnett,71.24,2066,29
114,114,Ted Brown,71.31,3423,48
T115,T115,Brady Schnell,71.38,2641,37
T115,T115,Sal Spallone,71.38,3355,47
117,117,Jesse Hutchins,71.43,2857,40
118,118,Garrett Osborn,71.45,3501,49
119,119,Stephen Poole,71.55,3935,55
120,120,Brian Bateman,71.58,2863,40
121,121,Steve Pate,71.6,2864,40
122,122,Kyle Reifers,71.66,3798,53
123,123,John Douma,71.7,2366,33
124,124,Jeff Gallagher,71.71,3442,48
125,125,Bryan DeCorso,71.72,3371,47
126,126,Matthew Borchert,71.79,3733,52
127,127,Dan Buchner,71.85,2802,39
128,128,Brian Vranesh,71.89,3954,55
129,129,Diego Vanegas,71.95,2662,37
130,130,Phil Tataurangi,72.16,3103,43
131,131,Ewan Porter,72.18,3176,44
132,132,Jess Daley,72.2,2960,41
133,133,Daniel Barbetti,72.43,2173,30
134,134,Steven Alker,72.48,3044,42
135,135,Bobby MacWhinnie,72.49,3262,45
136,136,Leif Olson,72.53,2611,36
137,137,Julien Trudeau,72.76,2692,37
138,138,Ryan Hietala,73.24,2710,37
*2009,1/4/2010,,,,
1, -,Michael Sim,68.52,1987,29
2, -,Chris Baryla,68.86,1928,28
3, -,Blake Adams,69.07,2970,43
4, -,Tom Gillis,69.23,2146,31
5, -,Garrett Willis,69.3,2287,33
6, -,Chad Collins,69.31,3535,51
7, -,Henrik Bjornstad,69.6,3828,55
8, -,Marco Dawson,69.62,2576,37
9, -,Chris Tidland,69.63,2994,43
10, -,Garth Mulroy,69.65,3204,46
11, -,Cameron Percy,69.7,3067,44
12, -,Craig Barlow,69.76,2023,29
13, -,Justin Bolli,69.77,3279,47
14, -,Esteban Toledo,69.81,3281,47
T15, -,Tommy Gainey,69.85,1816,26
T15, -,Josh Teater,69.85,3702,53
17, -,Scott Gardiner,69.92,3566,51
18, -,Roger Tambellini,69.96,3148,45
T19, -,Derek Lamely,69.97,2449,35
T19, -,Troy Merritt,69.97,2449,35
21, -,Jeff Gove,70.02,3571,51
22, -,Patrick Sheehan,70.04,1821,26
23, -,David McKenzie,70.1,3575,51
24, -,Brendan Steele,70.11,2594,37
T25, -,Craig Bowden,70.12,3506,50
T25, -,Todd Demsey,70.12,3576,51
27, -,Adam Bland,70.13,3156,45
28, -,Brian Stuard,70.14,3998,57
29, -,Bob May,70.16,3999,57
30, -,Brent Delahoussaye,70.17,2105,30
T31, -,Dustin Risdon,70.19,3720,53
T31, -,Jhonattan Vegas,70.19,2597,37
33, -,Fabian Gomez,70.21,2738,39
T34, -,Oskar Bergman,70.22,2598,37
T34, -,Alex Prugh,70.22,3441,49
36, -,Tjaart van der Walt,70.24,2599,37
37, -,David Branshaw,70.25,3583,51
38, -,Gavin Coles,70.29,3444,49
T39, -,Andrew Buckle,70.32,3727,53
T39, -,Hunter Haas,70.32,3727,53
41, -,Steve Wheatcroft,70.34,3728,53
42, -,Dave Schultz,70.36,2533,36
43, -,Geoffrey Sisk,70.38,3730,53
T44, -,Brian Smock,70.41,3098,44
T44, -,B.J. Staten,70.41,2394,34
46, -,Gary Christian,70.42,3028,43
47, -,Jay Delsing,70.43,2113,30
T48, -,Martin Piller,70.44,3663,52
T48, -,Kyle Reifers,70.44,3874,55
50, -,Matt Every,70.46,3664,52
51, -,Allistair Presnell,70.47,3453,49
52, -,Tom Scherrer,70.48,3101,44
T53, -,Bradley Iles,70.49,3172,45
T53, -,Sal Spallone,70.49,2608,37
55, -,Jason Enloe,70.5,3102,44
56, -,Bubba Dickerson,70.53,4020,57
57, -,Jim Rutledge,70.54,2751,39
58, -,Jonas Blixt,70.59,3600,51
59, -,Brad Fritsch,70.61,2330,33
60, -,Fran Quinn,70.65,3886,55
T61, -,Ryan Armour,70.7,3747,53
T61, -,Scott Parel,70.7,2333,33
T61, -,Willie Wood,70.7,2333,33
64, -,David Hearn,70.71,2475,35
65, -,Camilo Benedetti,70.72,2758,39
66, -,Jeff Gallagher,70.73,3607,51
67, -,Michael Sims,70.76,3467,49
68, -,Miguel Angel Carballo,70.77,3326,47
69, -,Michael Putnam,70.78,3893,55
70, -,D.J. Brigman,70.79,3044,43
71, -,Brad Elder,70.82,2762,39
72, -,John Riegger,70.84,2621,37
73, -,Omar Uresti,70.85,1913,27
74, -,Rich Barcelo,70.86,3118,44
75, -,John Kimbell,70.87,3827,54
T76, -,Jeff Brehaut,70.88,3473,49
T76, -,Skip Kendall,70.88,3473,49
78, -,J.J. Killeen,70.89,4041,57
79, -,Joe Daley,70.92,3688,52
T80, -,Guy Boros,70.93,2128,30
T80, -,Justin Hicks,70.93,3972,56
82, -,Jon Mills,70.94,3760,53
T83, -,Kevin Johnson,70.98,3762,53
T83, -,Garrett Osborn,70.98,3833,54
85, -,Scott Dunlap,71,3763,53
86, -,Ron Whittaker,71.04,3339,47
T87, -,Steve Friesen,71.06,3340,47
T87, -,Doug LaBelle II,71.06,3624,51
T89, -,Dustin Bray,71.11,2631,37
T89, -,Brenden Pappas,71.11,3911,55
91, -,Won Joon Lee,71.12,4054,57
T92, -,Paul Claxton,71.17,3772,53
T92, -,Bret Guetz,71.17,2064,29
T94, -,Chad Ginn,71.2,3631,51
T94, -,J.L. Lewis,71.2,2136,30
T94, -,Bob Sowards,71.2,3204,45
97, -,Vance Veazey,71.22,3917,55
98, -,Ian Leggatt,71.23,3063,43
99, -,Robert Damron,71.25,2850,40
T100, -,Jeff Curl,71.28,2067,29
T100, -,Dustin White,71.28,3778,53
102, -,Jason Schultz,71.3,3066,43
103, -,Chris Kirk,71.37,1927,27
104, -,Jim Herman,71.4,3784,53
T105, -,Josh Broadaway,71.41,3499,49
T105, -,Ryan Cobb,71.41,1928,27
T105, -,Steven Taylor,71.41,2071,29
T108, -,Michael Clark II,71.47,3359,47
T108, -,Keoke Cotner,71.47,2430,34
T110, -,Daniel Summerhays,71.51,3790,53
T110, -,Kyle Thompson,71.51,3361,47
112, -,Craig Kanada,71.53,2432,34
113, -,Len Mattiace,71.6,3938,55
114, -,Alex Aragon,71.61,2363,33
115, -,Grant Waite,71.62,3366,47
116, -,Jin Park,71.63,3868,54
117, -,Chris Anderson,71.64,3367,47
118, -,Drew Laning,71.66,3798,53
119, -,Major Manning,71.68,2222,31
120, -,Paul Gow,71.7,3370,47
121, -,Tripp Isenhour,71.75,2009,28
122, -,David Morland IV,71.76,2655,37
123, -,Chris Nallen,71.8,3949,55
124, -,Jim McGovern,71.82,2729,38
125, -,Steve LeBrun,71.83,2514,35
126, -,Andrew Johnson,71.9,2804,39
T127, -,Bob Burns,71.94,2518,35
T127, -,Brennan Webb,71.94,3741,52
129, -,Ben Bates,71.97,2375,33
130, -,Phil Tataurangi,72.25,3179,44
131, -,Steven Alker,72.28,2819,39
132, -,Steven Bowditch,72.29,2964,41
133, -,Bryan DeCorso,72.32,3616,50
T134, -,Seung-su Han,72.35,3328,46
T134, -,Ryan Hietala,72.35,3690,51
136, -,Tee McCabe,72.41,3331,46
137, -,Andrew Bonhomme,72.61,2251,31
138, -,Trevor Dodds,72.91,2406,33
139, -,Joseph Sykora,73.12,3071,42
*2008,1/4/2009,,,,
1, -,Matt Weibring,69.31,3119,45
2, -,Brendon Todd,69.53,3268,47
3, -,Greg Owen,69.56,2365,34
4, -,Scott Piercy,69.79,2722,39
5, -,Blake Adams,69.82,1536,22
6, -,Brendon de Jonge,69.93,3986,57
7, -,Greg Chalmers,70,3430,49
8, -,Marc Leishman,70.04,3572,51
9, -,Randy Leen,70.06,2312,33
10, -,Bill Lunde,70.09,3855,55
11, -,David Branshaw,70.12,3436,49
T12, -,Arjun Atwal,70.13,3296,47
T12, -,Ricky Barnes,70.13,3717,53
14, -,Kris Blanks,70.18,3509,50
15, -,Darron Stiles,70.23,4003,57
16, -,Michael Putnam,70.27,3865,55
T17, -,Jeff Gallagher,70.32,1758,25
T17, -,Peter Tomasulo,70.32,3727,53
19, -,Jeff Klauk,70.37,3800,54
20, -,Hunter Haas,70.43,3733,53
21, -,Won Joon Lee,70.45,3875,55
T22, -,Bob May,70.48,2960,42
T22, -,Brian Stuard,70.48,2044,29
24, -,Spencer Levin,70.49,4018,57
25, -,Brian Smock,70.5,1974,28
26, -,Tommy Tolles,70.52,2045,29
27, -,Fran Quinn,70.53,3315,47
T28, -,Bubba Dickerson,70.54,3950,56
T28, -,Alex Prugh,70.54,2892,41
30, -,Gary Christian,70.57,3317,47
T31, -,D.A. Points,70.59,3600,51
T31, -,Chris Smith,70.59,3459,49
33, -,Jarrod Lyle,70.6,3742,53
34, -,Vance Veazey,70.63,3602,51
35, -,Oskar Bergman,70.65,2826,40
36, -,Chris Tidland,70.69,2969,42
37, -,Cameron Percy,70.71,2899,41
38, -,Colt Knost,70.73,3183,45
T39, -,Bryce Molder,70.75,3891,55
T39, -,Steve Wheatcroft,70.75,1415,20
41, -,Daniel Summerhays,70.77,4034,57
T42, -,Chris Nallen,70.8,3894,55
T42, -,Casey Wittenberg,70.8,3611,51
44, -,Matt Bettencourt,70.81,4178,59
T45, -,David Mathis,70.87,3756,53
T45, -,Rick Price,70.87,3756,53
T47, -,Jeff Brehaut,70.89,3757,53
T47, -,Dave Schultz,70.89,3757,53
49, -,Skip Kendall,70.9,3403,48
50, -,Rich Barcelo,70.92,3617,51
51, -,Justin Hicks,70.93,3050,43
T52, -,Camilo Benedetti,70.96,1774,25
T52, -,Aron Price,70.96,3903,55
T54, -,Chad Ginn,70.98,3336,47
T54, -,Roger Tambellini,70.98,3620,51
56, -,Matt Every,71.04,3623,51
T57, -,Bradley Iles,71.06,3340,47
T57, -,Esteban Toledo,71.06,3411,48
59, -,Dicky Pride,71.08,1706,24
60, -,Keith Nolan,71.09,3341,47
61, -,Wade Ormsby,71.12,2916,41
T62, -,D.J. Brigman,71.14,3059,43
T62, -,David McKenzie,71.14,4055,57
64, -,Jason Schultz,71.19,3773,53
65, -,Sebastian Fernandez,71.2,3845,54
66, -,Todd Fischer,71.25,3776,53
67, -,Michael Boyd,71.27,2922,41
T68, -,Ben Bates,71.28,3778,53
T68, -,Josh Broadaway,71.28,3778,53
70, -,Scott Gutschewski,71.29,3707,52
71, -,Doug Barron,71.3,2353,33
T72, -,Henrik Bjornstad,71.33,3210,45
T72, -,Bret Guetz,71.33,3709,52
T72, -,Brendan Steele,71.33,3067,43
75, -,Chris Anderson,71.37,3283,46
T76, -,Fabian Gomez,71.38,3712,52
T76, -,Garrett Osborn,71.38,3712,52
T78, -,J.J. Killeen,71.39,4212,59
T78, -,Kyle Reifers,71.39,3855,54
80, -,Brad Fritsch,71.4,3713,52
T81, -,Chris Parra,71.41,2785,39
T81, -,Jon Rusk,71.41,1928,27
83, -,B.J. Staten,71.42,3785,53
84, -,Geoffrey Sisk,71.43,3500,49
T85, -,Tim O'Neal,71.44,1929,27
T85, -,Scott Parel,71.44,3715,52
87, -,Reid Edstrom,71.46,2001,28
88, -,Jon Turcott,71.53,3791,53
T89, -,John Kimbell,71.55,3649,51
T89, -,Garth Mulroy,71.55,3363,47
91, -,Joe Daley,71.56,3936,55
92, -,Paul Gow,71.57,3364,47
93, -,Chris Thompson,71.58,2219,31
94, -,Jim Rutledge,71.59,2792,39
T95, -,Scott Gardiner,71.6,3795,53
T95, -,Ryan Hietala,71.6,3938,55
97, -,Chris Kirk,71.61,2721,38
98, -,Jim Herman,71.65,4084,57
99, -,Gibby Gilbert III,71.73,3515,49
100, -,Dustin Bray,71.77,2153,30
101, -,Anders Hultman,71.81,3375,47
102, -,David Hearn,71.82,3663,51
T103, -,Brent Delahoussaye,71.84,2227,31
T103, -,Tee McCabe,71.84,3520,49
105, -,Miguel Angel Carballo,71.91,3955,55
106, -,Tom Johnson,71.95,3022,42
T107, -,Keoke Cotner,72,3600,50
T107, -,Ian Leggatt,72,2880,40
T107, -,Steve Pate,72,2448,34
T110, -,Jeremy Anderson,72.04,3674,51
T110, -,Craig Bowden,72.04,3242,45
112, -,Kelly Grunewald,72.11,4110,57
T113, -,Bryan DeCorso,72.13,3967,55
T113, -,Scott Dunlap,72.13,3895,54
115, -,Josh McCumber,72.14,3679,51
T116, -,Matt Hansen,72.17,3392,47
T116, -,Grant Waite,72.17,3031,42
118, -,Gabriel Hjertstedt,72.19,2310,32
119, -,Tripp Isenhour,72.24,3034,42
120, -,Nick Malinowski,72.29,3759,52
T121, -,Tom Carter,72.4,3982,55
T121, -,Kevin Johnson,72.4,3258,45
T123, -,David Morland IV,72.46,3478,48
T123, -,Brad Weesner,72.46,2681,37
125, -,Guy Boros,72.5,2175,30
126, -,Patrick Damron,72.52,2248,31
127, -,Jason Enloe,72.6,3122,43
128, -,Jonathan Fricke,72.66,4069,56
129, -,Rob Bradley,72.67,3052,42
130, -,Brock Mackenzie,72.69,3053,42
131, -,Ewan Porter,72.7,3417,47
132, -,Tyler Williamson,72.81,2257,31
133, -,Andrew Johnson,72.85,2841,39
134, -,Andrew Bonhomme,72.91,3281,45
135, -,Kris Cox,72.97,2481,34
136, -,Kim Felton,73,3723,51
137, -,Lee Curry,73.16,2780,38
138, -,Darren Angel,73.27,3590,49
139, -,Bob Burns,73.28,2125,29
140, -,Scott Harrington,73.3,2419,33
141, -,Steven Bowditch,73.36,2421,33
142, -,Tyler Aldridge,73.43,3451,47
143, -,Scott Gordon,73.87,3915,53
*2007,12/31/2007,,,,
1, -,Daniel Summerhays,69.19,1799,26
2, -,Richard Johnson,69.67,3553,51
3, -,Jon Mills,69.69,3833,55
4, -,John Riegger,69.78,2791,40
5, -,Tag Ridings,69.86,1537,22
T6, -,Kris Blanks,69.9,2027,29
T6, -,Patrick Sheehan,69.9,4264,61
8, -,Brenden Pappas,69.93,3846,55
9, -,Tim Wilkinson,69.94,3707,53
10, -,Vance Veazey,69.95,2658,38
11, -,Ron Whittaker,69.98,3849,55
12, -,Bob Burns,70.02,3501,50
13, -,Roland Thatcher,70.07,3994,57
14, -,Peter Tomasulo,70.09,3855,55
15, -,Garth Mulroy,70.11,4277,61
16, -,Jim McGovern,70.13,3296,47
T17, -,Jeff Klauk,70.16,4280,61
T17, -,Omar Uresti,70.16,3578,51
19, -,Justin Bolli,70.2,3510,50
20, -,Garrett Willis,70.21,2036,29
21, -,Matt Jones,70.24,3582,51
22, -,Michael Letzig,70.26,4005,57
23, -,Nicholas Thompson,70.27,4427,63
24, -,Fabian Gomez,70.28,2249,32
T25, -,Jason Day,70.29,2671,38
T25, -,David Mathis,70.29,3444,49
27, -,Kelly Grunewald,70.33,3024,43
28, -,Nick Flanagan,70.37,2463,35
29, -,Martin Laird,70.38,3871,55
30, -,Chris Anderson,70.39,3590,51
31, -,Scott Gardiner,70.4,3872,55
32, -,Keoke Cotner,70.42,2676,38
T33, -,Brad Elder,70.44,4015,57
T33, -,Justin Smith,70.44,1761,25
35, -,Greg Chalmers,70.45,3875,55
36, -,David Hearn,70.47,3876,55
T37, -,B.J. Staten,70.5,3243,46
T37, -,Lee Williams,70.5,2397,34
39, -,Scott Parel,70.57,3317,47
40, -,Todd Demsey,70.61,4166,59
41, -,Brad Adamonis,70.62,3743,53
T42, -,Tom Scherrer,70.63,3673,52
T42, -,Esteban Toledo,70.63,4026,57
44, -,Skip Kendall,70.66,3321,47
T45, -,Arjun Atwal,70.67,2332,33
T45, -,Chad Collins,70.67,4028,57
T45, -,Hunter Haas,70.67,3604,51
T45, -,Marc Turnesa,70.67,4311,61
49, -,David McKenzie,70.68,4170,59
50, -,Jason Caron,70.72,4031,57
51, -,Scott Sterling,70.74,4032,57
52, -,Aron Price,70.75,3750,53
T53, -,Miguel Angel Carballo,70.76,3609,51
T53, -,Gary Christian,70.76,3821,54
T53, -,Jimmy Walker,70.76,4175,59
56, -,Paul Claxton,70.8,3257,46
57, -,Brian Smock,70.82,3187,45
58, -,Chez Reavie,70.83,3825,54
59, -,Justin Hicks,70.86,2055,29
60, -,Jay Williamson,70.89,1914,27
61, -,Edward Loar,70.92,2624,37
62, -,Jeremy Anderson,70.94,3831,54
63, -,Tee McCabe,70.95,4328,61
T64, -,James Driscoll,70.96,3477,49
T64, -,Deane Pappas,70.96,3335,47
T66, -,Rick Price,70.97,4187,59
T66, -,Boyd Summerhays,70.97,2484,35
T68, -,Jon Turcott,71,2982,42
T68, -,Scott Weatherly,71,2201,31
70, -,Keith Nolan,71.06,4477,63
71, -,Tjaart van der Walt,71.07,3056,43
72, -,Jason Allred,71.1,4195,59
73, -,Ricky Barnes,71.11,4053,57
T74, -,Matt Hansen,71.12,3058,43
T74, -,Franklin Langham,71.12,3698,52
76, -,Todd Fischer,71.15,3344,47
77, -,Tim O'Neal,71.17,3843,54
78, -,Chris Nallen,71.19,4200,59
T79, -,Ben Bates,71.2,3916,55
T79, -,Kevin Gessino-Kraft,71.2,3489,49
81, -,Lee M. Williamson,71.22,3490,49
T82, -,Brad Ott,71.25,3634,51
T82, -,Mario Tiziani,71.25,3634,51
84, -,Scott Dunlap,71.27,3706,52
85, -,Joe Daley,71.28,3564,50
T86, -,Danny Ellis,71.3,2852,40
T86, -,Fran Quinn,71.3,3779,53
88, -,Roger Tambellini,71.32,3780,53
89, -,Josh Broadaway,71.33,3067,43
90, -,Michael Long,71.35,3710,52
91, -,Brock Mackenzie,71.37,3854,54
92, -,Dustin Bray,71.4,4070,57
T93, -,Jess Daley,71.42,3428,48
T93, -,D.A. Points,71.42,4214,59
95, -,Stephen Gangluff,71.44,2929,41
96, -,Zoran Zorkic,71.45,2858,40
97, -,Henrik Bjornstad,71.47,3502,49
98, -,Tom Carter,71.48,4360,61
99, -,Kenneth Staton,71.49,2645,37
T100, -,Camilo Benedetti,71.51,3361,47
T100, -,Chris Thompson,71.51,4362,61
102, -,Phil Tataurangi,71.55,2862,40
103, -,Chris Smith,71.56,3220,45
T104, -,Danny Briggs,71.6,3079,43
T104, -,Andrew Johnson,71.6,3079,43
106, -,Tommy Tolles,71.61,2363,33
107, -,John Morse,71.63,3080,43
T108, -,Kyle Thompson,71.65,4084,57
T108, -,Aaron Watkins,71.65,4084,57
110, -,Blake Adams,71.67,2365,33
111, -,Erik Compton,71.69,2796,39
112, -,Chris Baryla,71.71,3442,48
113, -,Bryn Parry,71.72,3873,54
T114, -,Jason Enloe,71.73,3730,52
T114, -,Jeff Wood,71.73,2654,37
116, -,Pat Bates,71.76,2655,37
117, -,Greg Kraft,71.79,2369,33
118, -,Ryan Hietala,71.81,3375,47
119, -,John Kimbell,71.84,4023,56
120, -,Matt Weibring,71.88,3666,51
121, -,Steve Pate,71.93,2086,29
122, -,Richard Swift,72,3312,46
T123, -,Guy Boros,72.09,3100,43
T123, -,Gabriel Hjertstedt,72.09,2451,34
125, -,Mike Capone,72.1,3677,51
126, -,Bradley Hughes,72.13,3318,46
127, -,David Morland IV,72.14,4112,57
128, -,Ramon Bescansa,72.19,2238,31
T129, -,Joseph Alfieri,72.23,2528,35
T129, -,Sal Spallone,72.23,3828,53
131, -,Josh Williams,72.24,3251,45
132, -,Andrew Pratt,72.27,2963,41
133, -,Steven Bowditch,72.3,3109,43
134, -,Curtis Malm,72.36,4269,59
135, -,Ian Leggatt,72.46,2681,37
136, -,Ryan Howison,72.51,3988,55
137, -,Kim Felton,72.65,3124,43
138, -,Brad Fritsch,72.72,3854,53
139, -,David Ogrin,72.76,2983,41
140, -,Michael Sims,72.81,3932,54
141, -,Elliot Gealy,72.85,4007,55
142, -,Kyle McCarthy,72.94,2480,34
143, -,Mike Heinen,73.08,2923,40
144, -,Len Mattiace,73.19,2342,32
145, -,Robin Freeman,73.35,2274,31
146, -,Adam Riddering,74.18,2967,40
147, -,Ted Potter jr.,75.34,2863,38
*2006,1/1/2007,,,,
1, -,Boo Weekley,69.44,3333,48
2, -,Matt Kuchar,69.52,2920,42
3, -,Jarrod Lyle,69.83,2933,42
4, -,Jeff Quinney,69.87,3843,55
5, -,Johnson Wagner,69.89,3984,57
6, -,Chez Reavie,69.93,3147,45
7, -,Ricky Barnes,70,3710,53
T8, -,Steve Marino,70.03,2801,40
T8, -,Kevin Stadler,70.03,2171,31
10, -,Ken Duke,70.09,3855,55
11, -,Cliff Kresge,70.13,3717,53
12, -,Charlie Wi,70.18,2386,34
13, -,Bryce Molder,70.27,3443,49
14, -,Brandt Snedeker,70.28,3725,53
15, -,Kyle Reifers,70.3,2109,30
16, -,John Mallinger,70.31,2039,29
T17, -,Craig Bowden,70.33,3868,55
T17, -,Michael Sim,70.33,2321,33
19, -,Jason Dufner,70.37,3448,49
20, -,Michael Putnam,70.38,3660,52
21, -,Ryan Armour,70.44,3874,55
T22, -,Jeremy Anderson,70.49,2890,41
T22, -,Jess Daley,70.49,3172,45
24, -,Andrew Buckle,70.5,2538,36
25, -,Brendon de Jonge,70.51,3878,55
T26, -,Matt Hendrix,70.53,4020,57
T26, -,Andrew Pratt,70.53,2539,36
28, -,Nick Flanagan,70.61,3460,49
29, -,Scott Gardiner,70.63,2825,40
30, -,Tripp Isenhour,70.64,3744,53
31, -,Peter Tomasulo,70.66,4169,59
32, -,Craig Lile,70.67,3463,49
33, -,John Merrick,70.69,4171,59
34, -,Chris Baryla,70.72,2546,36
35, -,Doug LaBelle II,70.74,4032,57
T36, -,Erik Compton,70.75,2830,40
T36, -,Tim O'Neal,70.75,3750,53
38, -,Matt Jones,70.81,3399,48
39, -,Rick Price,70.82,4037,57
40, -,Franklin Langham,70.83,3683,52
T41, -,Hunter Haas,70.84,3967,56
T41, -,David Hearn,70.84,3613,51
43, -,Jim Rutledge,70.9,3616,51
44, -,Steve Wheatcroft,70.91,3049,43
45, -,Gary Christian,70.92,3475,49
46, -,Darron Stiles,70.93,2128,30
47, -,Brenden Pappas,70.94,3476,49
48, -,Paul Claxton,70.97,4329,61
T49, -,Jason Allred,71,3337,47
T49, -,Kyle Thompson,71,3692,52
51, -,Joe Daley,71.02,3906,55
52, -,Jamie Broce,71.03,2699,38
53, -,Jim McGovern,71.04,3197,45
54, -,Tom Scherrer,71.08,3412,48
T55, -,Justin Bolli,71.09,3768,53
T55, -,Matt Weibring,71.09,4052,57
T57, -,Steve Allan,71.12,3627,51
T57, -,Bob Heintz,71.12,4196,59
T59, -,Craig Kanada,71.13,3912,55
T59, -,Brad Klapprott,71.13,2845,40
T61, -,Bradley Hughes,71.15,3415,48
T61, -,Scott Petersen,71.15,3913,55
63, -,Gavin Coles,71.16,3202,45
T64, -,Steve Collins,71.18,3488,49
T64, -,Tim Wilkinson,71.18,3559,50
T64, -,Zoran Zorkic,71.18,3915,55
T67, -,Scott Parel,71.19,3061,43
T67, -,Garrett Willis,71.19,1922,27
T69, -,Jeff Hart,71.22,2920,41
T69, -,Esteban Toledo,71.22,3632,51
T71, -,Parker McLachlin,71.23,4060,57
T71, -,Dicky Pride,71.23,2778,39
T73, -,Paul Gow,71.25,3705,52
T73, -,David Mathis,71.25,3919,55
T75, -,Jason Caron,71.29,3208,45
T75, -,Aron Price,71.29,1497,21
T75, -,Tommy Tolles,71.29,3493,49
T78, -,Chad Collins,71.3,3779,53
T78, -,Scott Dunlap,71.3,3779,53
T78, -,Fran Quinn,71.3,4064,57
81, -,Nick Malinowski,71.33,3495,49
82, -,Richard Johnson,71.37,3069,43
83, -,Chris Tidland,71.38,3926,55
T84, -,Danny Briggs,71.44,2429,34
T84, -,Roland Thatcher,71.44,4215,59
T86, -,D.J. Brigman,71.45,3501,49
T86, -,Joel Kribel,71.45,2715,38
88, -,Glen Hnatiuk,71.51,2789,39
89, -,Brad Elder,71.54,1860,26
T90, -,Notah Begay III,71.59,1575,22
T90, -,Kevin Gessino-Kraft,71.59,4224,59
T92, -,Brad Adamonis,71.6,3938,55
T92, -,Steve Larick,71.6,2864,40
T94, -,Tom Johnson,71.62,3796,53
T94, -,Deane Pappas,71.62,3366,47
96, -,Michael Long,71.63,4226,59
97, -,Jeff Klauk,71.67,3297,46
98, -,Glen Day,71.71,2725,38
99, -,Mario Tiziani,71.74,3587,50
T100, -,Dan Buchner,71.78,2656,37
T100, -,Anthony Painter,71.78,2297,32
102, -,Josh Broadaway,71.79,4092,57
103, -,Steve Schneiter,71.81,2226,31
104, -,Chris Nallen,71.84,2658,37
105, -,Scott Weatherly,71.85,4383,61
106, -,Grant Waite,71.86,2515,35
T107, -,Aaron Barber,71.87,3306,46
T107, -,Kim Felton,71.87,3378,47
109, -,Jason Enloe,71.88,3594,50
T110, -,Steven Alker,71.96,3670,51
T110, -,Jeff Burns,71.96,3382,47
112, -,Dan Olsen,72,3816,53
113, -,Roberto Coceres,72.04,3674,51
114, -,Joel Edwards,72.06,2306,32
115, -,Tom Carter,72.08,3532,49
T116, -,Jason Buha,72.1,4182,58
T116, -,Mike Heinen,72.1,2091,29
118, -,Joel Hendry,72.11,2668,37
119, -,Hiroshi Matsuo,72.12,3101,43
120, -,Ben Bates,72.15,3391,47
T121, -,Andrew Dahl,72.16,2742,38
T121, -,Jin Park,72.16,3175,44
123, -,Keoke Cotner,72.18,4114,57
124, -,Joseph Alfieri,72.21,2094,29
125, -,Tyler Williamson,72.28,3108,43
126, -,Kevin Johnson,72.31,3543,49
127, -,David Morland IV,72.33,3978,55
T128, -,Chris Anderson,72.34,3400,47
T128, -,Ron Harvey jr.,72.34,2098,29
130, -,Kevin Durkin,72.41,4272,59
131, -,Patrick Damron,72.43,3839,53
132, -,Paul Wackerly,72.44,2970,41
133, -,Travis Perkins,72.45,3405,47
T134, -,Brett Bingham,72.52,3771,52
T134, -,Brad Ott,72.52,4206,58
136, -,Ryan Howison,72.64,3995,55
137, -,Tom Gillis,72.68,3416,47
138, -,James Oh,72.69,2617,36
139, -,Steve LeBrun,72.78,3930,54
140, -,Robin Freeman,72.8,2548,35
141, -,Scott Ford,72.82,4369,60
142, -,Kyle Gallo,72.85,2477,34
143, -,David Roesch,72.98,3065,42
T144, -,Gary Hallberg,73,2409,33
T144, -,Andrew Johnson,73,3869,53
T144, -,Brent Schwarzrock,73,1971,27
147, -,Scott Hend,73.05,2703,37
148, -,David Sutherland,73.37,2568,35
149, -,Mark Wiebe,73.77,2213,30
*2005,1/2/2006,,,,
T1, -,Troy Matteson,69.44,3819,55
T1, -,Camilo Villegas,69.44,3611,52
3, -,Danny Ellis,69.46,1667,24
4, -,Jason Gore,69.56,1739,25
5, -,Jason Schultz,69.62,3620,52
6, -,Jerry Smith,69.67,3414,49
7, -,Mathew Goggin,69.9,3425,49
8, -,Bill Haas,69.93,3147,45
9, -,Charley Hoffman,70.06,3643,52
10, -,Tom Scherrer,70.09,3294,47
11, -,Brendon de Jonge,70.1,3575,51
12, -,Jon Mills,70.12,3436,49
13, -,Joe Daley,70.15,2806,40
14, -,Chris Tidland,70.18,3579,51
T15, -,David Branshaw,70.27,3584,51
T15, -,Bubba Watson,70.27,3443,49
17, -,Scott Weatherly,70.3,3726,53
T18, -,Ricky Barnes,70.45,2184,31
T18, -,Kris Cox,70.45,3875,55
20, -,Chris Couch,70.49,2890,41
21, -,Steven Alker,70.51,3173,45
T22, -,Shane Bertsch,70.53,3738,53
T22, -,Jeff Gove,70.53,3738,53
24, -,Greg Kraft,70.57,2964,42
T25, -,Eric Axley,70.6,2965,42
T25, -,Jim Rutledge,70.6,3177,45
27, -,Brent Schwarzrock,70.62,3178,45
T28, -,Kim Felton,70.65,2826,40
T28, -,Nathan Green,70.65,3603,51
30, -,Vance Veazey,70.66,3321,47
31, -,David McKenzie,70.69,3605,51
32, -,Kyle Thompson,70.71,3606,51
33, -,Tom Johnson,70.73,2334,33
34, -,Greg Chalmers,70.77,3751,53
T35, -,Scott Petersen,70.79,3681,52
T35, -,Boo Weekley,70.79,3044,43
T37, -,Bubba Dickerson,70.8,3611,51
T37, -,Fran Quinn,70.8,3186,45
39, -,Matt Weibring,70.81,3328,47
T40, -,Chad Collins,70.82,3612,51
T40, -,David Morland IV,70.82,3895,55
42, -,Steve LeBrun,70.83,2833,40
43, -,Jim McGovern,70.85,3897,55
44, -,Aaron Barber,70.86,2976,42
45, -,Chad Wilfong,70.88,2339,33
46, -,Garrett Willis,70.92,2695,38
47, -,Esteban Toledo,70.93,2908,41
T48, -,Ryan Hietala,70.94,3476,49
T48, -,Tim O'Neal,70.94,3618,51
T50, -,Kevin Durkin,70.95,3902,55
T50, -,Roger Tambellini,70.95,2980,42
T52, -,Kevin Gessino-Kraft,70.96,3477,49
T52, -,Matt Jones,70.96,1987,28
T54, -,Ryan Armour,70.98,3478,49
T54, -,Steven Bowditch,70.98,3052,43
T54, -,Brian Kortan,70.98,3336,47
57, -,Brian Henninger,71,2911,41
58, -,Brandt Snedeker,71.06,3482,49
T59, -,Jeff Freeman,71.08,4194,59
T59, -,Deane Pappas,71.08,3483,49
61, -,Matt Bettencourt,71.13,2276,32
62, -,Barry Cheesman,71.15,2846,40
T63, -,Dave Christensen,71.18,3630,51
T63, -,Johnson Wagner,71.18,3915,55
65, -,Joel Kribel,71.19,3061,43
T66, -,Todd Demsey,71.2,2848,40
T66, -,Dicky Pride,71.2,3560,50
68, -,Erik Compton,71.22,2635,37
69, -,Rich Barcelo,71.23,2778,39
70, -,Jamie Broce,71.24,3206,45
71, -,Tim Wilkinson,71.25,3634,51
72, -,Ken Duke,71.28,3350,47
73, -,Pat Bates,71.29,3493,49
74, -,Nick Cassini,71.33,3638,51
75, -,Jason Dufner,71.35,4067,57
76, -,Brian Smock,71.36,3354,47
77, -,Jaxon Brigman,71.37,3497,49
T78, -,Jason Enloe,71.38,3212,45
T78, -,Robert Garrigus,71.38,2784,39
80, -,Spike McRoy,71.39,2213,31
81, -,Mike Heinen,71.4,1785,25
T82, -,Jeremy Anderson,71.41,3642,51
T82, -,Kevin Johnson,71.41,2428,34
84, -,Dan Olsen,71.45,3787,53
85, -,Ben Bates,71.48,3717,52
86, -,Cameron Percy,71.49,2931,41
87, -,Scott Gardiner,71.5,2860,40
88, -,Bryce Molder,71.51,3647,51
T89, -,Rick Price,71.53,3791,53
T89, -,Chris Wollmann,71.53,3505,49
91, -,Tom Carter,71.55,3506,49
92, -,Willie Wood,71.56,2433,34
93, -,Jeff Burns,71.6,2148,30
94, -,Craig Lile,71.61,3509,49
95, -,Scott Gump,71.66,3153,44
T96, -,Jess Daley,71.68,2007,28
T96, -,Brad Fabel,71.68,2867,40
T96, -,Robin Freeman,71.68,2222,31
T99, -,Keith Nolan,71.71,2008,28
T99, -,Grant Waite,71.71,2940,41
T101, -,Joseph Alfieri,71.74,2798,39
T101, -,Craig Carmichael,71.74,3013,42
103, -,Jeff Quinney,71.76,3516,49
T104, -,Jason Caron,71.77,3373,47
T104, -,Cliff Kresge,71.77,4091,57
T104, -,Doug LaBelle II,71.77,3804,53
107, -,Jeff Klauk,71.79,3446,48
T108, -,Rick Fehr,71.8,2872,40
T108, -,Tyler Williamson,71.8,3231,45
110, -,Steve Larick,71.82,3663,51
111, -,Doug Garwood,71.83,3376,47
112, -,John Morse,71.85,2802,39
113, -,Keoke Cotner,71.93,4100,57
T114, -,Michael Clark II,71.94,2230,31
T114, -,Chris Nallen,71.94,3525,49
116, -,Jason Buha,71.96,4030,56
117, -,Martin Laird,71.97,2807,39
118, -,Sean Pacetti,71.98,3167,44
119, -,Keith Huber,72,3240,45
T120, -,Scott Dunlap,72.02,3169,44
T120, -,Bill Lunde,72.02,3169,44
122, -,Scott Sterling,72.05,3963,55
123, -,Todd Pinneo,72.06,2234,31
124, -,Kris Blanks,72.09,2523,35
125, -,Andrew Johnson,72.16,3247,45
126, -,Tripp Isenhour,72.18,2454,34
127, -,Tim Simpson,72.22,2311,32
128, -,Anthony Painter,72.29,3036,42
129, -,Gabriel Hjertstedt,72.44,2970,41
130, -,Guy Boros,72.45,3043,42
131, -,Zoran Zorkic,72.47,3551,49
132, -,Kenny Knox,72.55,2394,33
133, -,Joel Edwards,72.56,1959,27
134, -,Chris Kamin,72.63,2542,35
135, -,Mike Sposa,72.74,1964,27
136, -,Steve Pleis,72.76,3565,49
137, -,Jon Rusk,72.78,2620,36
138, -,James Oh,72.79,2766,38
139, -,Steve Runge,72.84,2258,31
140, -,Andy Sanders,72.93,2917,40
141, -,Pete Jordan,73.24,2710,37
T142, -,Ewan Porter,73.48,2425,33
T142, -,Kenneth Staton,73.48,2131,29
144, -,Alan McLean,73.51,3161,43
145, -,Mark Wurtz,73.97,2737,37
*2004,Nationwide Tour Championship,,,,
1, -,Kevin Stadler,69.54,1808,26
2, -,David Hearn,69.71,1673,24
3, -,Jimmy Walker,69.76,3488,50
4, -,Nathan Green,69.8,3071,44
5, -,Scott Gutschewski,69.9,3495,50
6, -,Franklin Langham,69.91,3146,45
7, -,Scott Petersen,69.96,3778,54
T8, -,Kelly Gibson,70.04,1681,24
T8, -,D.A. Points,70.04,3292,47
T10, -,Darron Stiles,70.06,3783,54
T10, -,Nick Watney,70.06,3503,50
T12, -,Ben Bates,70.07,3784,54
T12, -,Charley Hoffman,70.07,2102,30
14, -,Ryuji Imada,70.08,3364,48
15, -,Chris Tidland,70.1,3435,49
16, -,Paul Gow,70.11,3786,54
17, -,Justin Bolli,70.12,3646,52
18, -,Chris Anderson,70.22,3441,49
19, -,Bubba Watson,70.24,2388,34
20, -,David McKenzie,70.28,3233,46
21, -,James Driscoll,70.31,3375,48
T22, -,Hunter Haas,70.34,3728,53
T22, -,Jason Schultz,70.34,3095,44
24, -,Johnson Wagner,70.36,3940,56
25, -,Jeff Klauk,70.43,3592,51
26, -,Steven Alker,70.45,3100,44
27, -,Jason Caron,70.48,3806,54
T28, -,Paul Claxton,70.5,3948,56
T28, -,Boo Weekley,70.5,2820,40
30, -,Jeff Gove,70.57,3105,44
T31, -,Mathew Goggin,70.63,3390,48
T31, -,Brad Ott,70.63,3390,48
T33, -,Doug Barron,70.67,3392,48
T33, -,Matt Jones,70.67,3251,46
35, -,Kyle Thompson,70.68,3958,56
36, -,Brett Wetterich,70.71,3960,56
37, -,Shane Bertsch,70.73,3961,56
38, -,Nick Cassini,70.77,3397,48
39, -,Bryce Molder,70.81,2974,42
T40, -,Eduardo Herrera,70.83,2833,40
T40, -,Jim Rutledge,70.83,3683,52
42, -,Euan Walters,70.84,2692,38
43, -,Bradley Hughes,70.85,3684,52
44, -,Robert Garrigus,70.87,2693,38
45, -,Dave Christensen,70.88,3686,52
46, -,Kevin Durkin,70.93,1986,28
47, -,D.J. Trahan,70.94,3831,54
T48, -,Jason Buha,70.95,4257,60
T48, -,Jeff Quinney,70.95,3122,44
T48, -,Brandt Snedeker,70.95,1561,22
51, -,Charles Warren,70.96,3690,52
52, -,John Morse,70.97,2271,32
53, -,Ahmad Bateman,70.98,3620,51
T54, -,Jeff Hart,71,1988,28
T54, -,Brent Schwarzrock,71,2485,35
T56, -,Steve Ford,71.02,3125,44
T56, -,Bob Heintz,71.02,3693,52
T56, -,Craig Lile,71.02,2912,41
T56, -,Jon Mills,71.02,3835,54
T60, -,Tim Conley,71.04,1776,25
T60, -,John Elliott,71.04,3552,50
T62, -,Jess Daley,71.06,3340,47
T62, -,Tom Scherrer,71.06,3624,51
64, -,Scott Gump,71.08,3767,53
65, -,Brendon de Jonge,71.11,3129,44
66, -,Fran Quinn,71.12,3485,49
67, -,Keoke Cotner,71.13,3272,46
T68, -,Michael Long,71.14,3984,56
T68, -,Bill Lunde,71.14,3557,50
70, -,Richie Coughlan,71.2,3631,51
71, -,Rafael Gomez,71.21,3418,48
72, -,Dave Cunningham,71.22,3846,54
T73, -,Troy Matteson,71.23,3989,56
T73, -,Bryant Odom,71.23,3704,52
T73, -,Vance Veazey,71.23,3704,52
76, -,Doug LaBelle II,71.25,3990,56
T77, -,Stephen Gangluff,71.29,2709,38
T77, -,Jason Gore,71.29,3493,49
79, -,Mike Sposa,71.3,3565,50
80, -,Anthony Painter,71.36,3211,45
T81, -,Robin Byrd,71.39,2713,38
T81, -,Joe Daley,71.39,2213,31
T81, -,Brad Elder,71.39,3141,44
84, -,Ryan Armour,71.4,4141,58
85, -,Gavin Coles,71.44,3572,50
T86, -,Jeff Freeman,71.46,3859,54
T86, -,Ryan Howison,71.46,2787,39
T86, -,Tyler Williamson,71.46,3716,52
T86, -,Chris Zambri,71.46,2644,37
90, -,Jody Bellflower,71.49,3217,45
91, -,Lee Porter,71.5,2574,36
92, -,Patrick Damron,71.51,3647,51
93, -,Kelly Sellers,71.52,3290,46
94, -,Gabriel Hjertstedt,71.53,2575,36
T95, -,Mike Springer,71.54,1860,26
T95, -,Scott Sterling,71.54,4006,56
97, -,Todd Demsey,71.56,3936,55
98, -,Andy Morse,71.6,3222,45
T99, -,Steve Haskins,71.61,3509,49
T99, -,Rob McKelvey,71.61,2721,38
T99, -,Rick Price,71.61,4010,56
102, -,Brad Fabel,71.62,2650,37
103, -,John Connelly,71.64,3152,44
104, -,Warren Schutte,71.67,3297,46
105, -,Kevin Johnson,71.74,3372,47
T106, -,Steve Runge,71.77,3445,48
T106, -,Tim Simpson,71.77,2225,31
108, -,Jake Reeves,71.79,2441,34
109, -,Jeff Street,71.8,3590,50
110, -,Chris Sessler,71.85,3449,48
111, -,Andy Doeden,71.86,3018,42
T112, -,Brad Adamonis,71.89,3954,55
T112, -,Sonny Skinner,71.89,3882,54
114, -,Dan Buchner,71.93,2158,30
T115, -,Rob Bradley,71.94,2374,33
T115, -,Barry Cheesman,71.94,3597,50
T117, -,Richard Massey,71.98,3599,50
T117, -,Kenneth Staton,71.98,3167,44
119, -,Greg Bruckner,72.02,3889,54
120, -,Zoran Zorkic,72.05,3963,55
T121, -,Gary Hallberg,72.07,2162,30
T121, -,Ryan Hietala,72.07,4036,56
123, -,Carl Paulson,72.08,1730,24
124, -,Jason Enloe,72.09,3893,54
125, -,Brian McCann,72.17,3825,53
T126, -,Jeff Gallagher,72.19,2238,31
T126, -,P.H. Horgan III,72.19,2310,32
128, -,Bobby Kalinowski,72.21,3755,52
129, -,Bobby Gage,72.35,3545,49
130, -,Tony Carolan,72.42,3766,52
131, -,Victor Schwamkrug,72.47,2319,32
132, -,Matt Bettencourt,72.51,3698,51
133, -,Han Lee,72.52,4061,56
T134, -,Keith Huber,72.56,2467,34
T134, -,Mark Wurtz,72.56,2830,39
T136, -,Mike Sullivan,72.6,2178,30
T136, -,Jeremy Wilkinson,72.6,3485,48
138, -,Ty Tryon,72.61,3195,44
T139, -,Doug Garwood,72.64,2034,28
T139, -,Dave Rummells,72.64,2034,28
141, -,John Paul Curley,72.75,2037,28
142, -,Dave Stockton jr.,72.96,3356,46
143, -,Michael Harris,73.03,2337,32
144, -,Scott Harrington,73.29,2785,38
145, -,James Oh,74.22,2672,36
146, -,Mike Donald,74.88,2546,34
147, -,Ted Potter jr.,75.69,3633,48
*2003,Nationwide Tour Championship,,,,
1, -,Zach Johnson,68.6,2744,40
2, -,Scott Gutschewski,69,1656,24
3, -,Joe Ogilvie,69.22,3184,46
T4, -,Roger Tambellini,69.56,2365,34
T4, -,Bo Van Pelt,69.56,3339,48
6, -,Jason Bohn,69.61,2506,36
T7, -,Craig Bowden,69.62,2576,37
T7, -,Jason Dufner,69.62,3620,52
9, -,Mark Hensby,69.72,3207,46
10, -,Blaine McCallister,69.89,2516,36
11, -,Nick Cassini,69.95,1399,20
12, -,Tjaart van der Walt,70,3360,48
13, -,Tripp Isenhour,70.1,2804,40
T14, -,Daniel Chopra,70.11,3085,44
T14, -,Ryuji Imada,70.11,3295,47
16, -,Andre Stolz,70.13,2244,32
17, -,Roland Thatcher,70.16,3508,50
18, -,Ken Duke,70.17,3649,52
T19, -,Guy Boros,70.23,2739,39
T19, -,Danny Briggs,70.23,2177,31
21, -,Eduardo Herrera,70.27,2881,41
22, -,Fran Quinn,70.3,3515,50
T23, -,Jaxon Brigman,70.31,2250,32
T23, -,Jimmy Walker,70.31,2531,36
25, -,Omar Uresti,70.32,3938,56
T26, -,Russ Cochran,70.33,2110,30
T26, -,Brad Ott,70.33,2321,33
T28, -,Jeff Freeman,70.35,4010,57
T28, -,Ryan Palmer,70.35,3377,48
30, -,Rick Price,70.37,3237,46
31, -,D.A. Points,70.38,3378,48
32, -,Bubba Watson,70.4,2957,42
T33, -,Scott Gump,70.41,3450,49
T33, -,Brett Wetterich,70.41,3098,44
35, -,Boo Weekley,70.42,3169,45
36, -,Bob Heintz,70.44,3522,50
37, -,Paul Claxton,70.46,3946,56
38, -,Ted Purdy,70.49,3454,49
39, -,Mark Wurtz,70.52,2962,42
T40, -,Franklin Langham,70.57,3105,44
T40, -,David Morland IV,70.57,3105,44
T40, -,Tommy Tolles,70.57,4093,58
43, -,Chris Couch,70.6,2965,42
T44, -,Kelly Gibson,70.62,1836,26
T44, -,Charles Warren,70.62,3672,52
46, -,Vaughn Taylor,70.63,2260,32
47, -,Stephen Gangluff,70.64,3532,50
T48, -,David Branshaw,70.65,3674,52
T48, -,Todd Demsey,70.65,3038,43
50, -,Doug LaBelle II,70.66,3533,50
T51, -,Steve Haskins,70.67,3463,49
T51, -,Wes Short jr.,70.67,3887,55
T51, -,Chris Tidland,70.67,3392,48
54, -,Andrew McLardy,70.72,3536,50
55, -,Michael Allen,70.73,3395,48
T56, -,Shane Bertsch,70.77,3680,52
T56, -,Kyle Thompson,70.77,3397,48
T56, -,Zoran Zorkic,70.77,3751,53
59, -,Ben Bates,70.8,2903,41
60, -,Sean Murphy,70.82,1983,28
T61, -,Jess Daley,70.83,3683,52
T61, -,Ryan Howison,70.83,2975,42
63, -,Jeff Klauk,70.84,3542,50
64, -,Tom Carter,70.86,3047,43
65, -,Matt Peterson,70.88,2410,34
T66, -,Jeff Gove,70.9,3616,51
T66, -,Michael Long,70.9,3687,52
68, -,D.J. Brigman,70.91,3120,44
69, -,Hunter Haas,70.94,3689,52
70, -,Johnson Wagner,70.95,3122,44
71, -,Lucas Glover,70.96,3619,51
T72, -,Ty Armstrong,70.97,2697,38
T72, -,Jim Benepe,70.97,2271,32
T72, -,Craig Lile,70.97,2271,32
75, -,Bobby Gage,70.98,3194,45
76, -,Brian Wilson,71,3692,52
T77, -,Mike Brisky,71.02,3267,46
T77, -,Jason Schultz,71.02,3267,46
T79, -,Kevin Johnson,71.04,3765,53
T79, -,John Restino,71.04,1847,26
T79, -,Scott Sterling,71.04,3907,55
82, -,Sonny Skinner,71.06,3695,52
83, -,Mark Walker,71.07,3127,44
84, -,Rich Barcelo,71.08,3767,53
85, -,Jimmy Green,71.11,2702,38
86, -,John Morse,71.12,1849,26
87, -,Trevor Dodds,71.13,2774,39
88, -,John Paul Curley,71.16,3558,50
89, -,Steve Ford,71.18,2420,34
90, -,Brian Kamm,71.19,1922,27
T91, -,Sung Man Lee,71.22,2564,36
T91, -,Scott Petersen,71.22,3561,50
T93, -,Scott Dunlap,71.24,3277,46
T93, -,Michael Muehr,71.24,1781,25
T95, -,Keoke Cotner,71.27,3706,52
T95, -,John Elliott,71.27,3991,56
T97, -,Barry Cheesman,71.28,3350,47
T97, -,Kevin Durkin,71.28,2566,36
T99, -,Emlyn Aubrey,71.29,3422,48
T99, -,Paul Dickinson,71.29,2210,31
T99, -,Jim Rutledge,71.29,1711,24
102, -,David Ogrin,71.32,2710,38
103, -,Jim McGovern,71.37,2141,30
104, -,Casey Martin,71.39,3141,44
105, -,Eric Meeks,71.44,4072,57
106, -,Victor Schwamkrug,71.5,2574,36
107, -,Anthony Rodriguez,71.56,2576,36
T108, -,Rob Bradley,71.58,3579,50
T108, -,Rob McMillan,71.58,2577,36
110, -,Andy Morse,71.59,2792,39
111, -,Chris Zambri,71.6,3079,43
112, -,Stiles Mitchell,71.67,1935,27
T113, -,John Adams,71.73,2152,30
T113, -,Mike Sullivan,71.73,2941,41
115, -,Pete Jordan,71.74,2511,35
116, -,Shane Tait,71.75,3157,44
117, -,Kevin Pendley,71.8,3303,46
118, -,Rob McKelvey,71.83,3448,48
119, -,Chad Lydiatt,71.84,3233,45
T120, -,Josh Broadaway,71.85,2802,39
T120, -,Steve Runge,71.85,3449,48
T122, -,Doug Garwood,71.92,3596,50
T122, -,Jeff Hart,71.92,2661,37
124, -,Matt Weibring,71.95,2734,38
125, -,George McNeill,72.02,3385,47
126, -,Lee Porter,72.04,3602,50
127, -,Bryce Molder,72.06,2594,36
T128, -,Robin Freeman,72.07,2018,28
T128, -,Kevin Muncrief,72.07,2018,28
130, -,Bradley Hughes,72.19,2599,36
131, -,Han Lee,72.28,3108,43
132, -,Todd Rose,72.36,3401,47
133, -,Ron Ewing,72.41,2969,41
134, -,Jason Hill,72.45,3188,44
T135, -,Terry Hatch,72.59,2468,34
T135, -,Larry Rinker,72.59,2105,29
137, -,Scott Parel,72.64,2615,36
138, -,Jerry Smith,72.67,2616,36
139, -,Bob Friend,72.74,3637,50
140, -,Ken Tanigawa,72.77,3202,44
141, -,Tyler Williamson,72.81,3058,42
142, -,Oscar Serna,72.82,3277,45
143, -,Tommy Biershenk,72.84,3569,49
144, -,Ryan Hietala,73.09,2412,33
145, -,Edward Fryatt,73.47,2645,36
146, -,Mark Wiebe,74,2664,36
147, -,Richard Johnson,74.26,2302,31
*2002,Buy.com Tour Championship,,,,
1, -,Patrick Moore,69.5,2780,40
2, -,Gene Sauers,69.64,1532,22
3, -,Arron Oberholser,69.95,2658,38
4, -,Omar Uresti,70.1,3645,52
5, -,Andrew McLardy,70.23,3301,47
6, -,Eric Meeks,70.26,3794,54
7, -,Marco Dawson,70.27,3162,45
8, -,Kelly Gibson,70.29,1687,24
9, -,Todd Barranger,70.33,3376,48
10, -,Doug Barron,70.34,2673,38
11, -,Joel Kribel,70.38,3660,52
12, -,Jason Caron,70.39,3097,44
13, -,Ken Green,70.41,2253,32
14, -,Scott Petersen,70.47,2255,32
15, -,Jason Gore,70.49,3172,45
16, -,Charles Warren,70.52,3385,48
17, -,Danny Briggs,70.54,2892,41
18, -,Jimmy Walker,70.55,1411,20
19, -,Todd Fischer,70.6,3671,52
20, -,Patrick Sheehan,70.61,3813,54
21, -,Jason Buha,70.62,3672,52
22, -,Jeff Freeman,70.71,3465,49
23, -,Shane Bertsch,70.73,2829,40
24, -,Cliff Kresge,70.77,3114,44
25, -,Scott Sterling,70.82,3541,50
T26, -,Gary Hallberg,70.83,2904,41
T26, -,Chad Wright,70.83,2975,42
28, -,Darron Stiles,70.86,3543,50
29, -,Zoran Zorkic,70.87,3189,45
30, -,Tjaart van der Walt,70.88,3048,43
31, -,Dave Stockton jr.,70.91,3262,46
32, -,Tag Ridings,70.92,3546,50
T33, -,Chip Beck,70.94,2270,32
T33, -,Steve Haskins,70.94,3547,50
35, -,Emlyn Aubrey,70.95,2980,42
36, -,Rob McKelvey,70.96,3761,53
T37, -,Mark Hensby,70.97,2697,38
T37, -,John Restino,70.97,2484,35
39, -,Mark Wurtz,71.02,3267,46
T40, -,John Morse,71.04,1847,26
T40, -,Andy Sanders,71.04,1847,26
42, -,Steven Alker,71.06,3411,48
43, -,D.J. Brigman,71.08,2701,38
T44, -,Rich Barcelo,71.1,3555,50
T44, -,John Maginnes,71.1,2986,42
T46, -,Aaron Baddeley,71.12,2418,34
T46, -,Kevin Johnson,71.12,2987,42
T46, -,Jim McGovern,71.12,1849,26
49, -,Todd Bailey,71.13,2134,30
50, -,Jeff Klauk,71.14,3130,44
T51, -,Keoke Cotner,71.15,3771,53
T51, -,Jim Rutledge,71.15,2419,34
53, -,Barry Cheesman,71.16,3558,50
54, -,Anthony Painter,71.18,2776,39
55, -,Bob Friend,71.19,2990,42
56, -,D.A. Points,71.2,3275,46
57, -,Tommy Biershenk,71.22,3490,49
58, -,Pete Morgan,71.24,2992,42
59, -,Ben Bates,71.25,3634,51
60, -,Fran Quinn,71.27,2352,33
T61, -,Guy Boros,71.29,1996,28
T61, -,Joe Daley,71.29,3707,52
T61, -,Hunter Haas,71.29,2923,41
64, -,Anthony Rodriguez,71.3,3351,47
65, -,Vic Wilk,71.31,3423,48
T66, -,Rob Bradley,71.34,2925,41
T66, -,Jeff Hart,71.34,3139,44
68, -,Jay Delsing,71.35,2854,40
69, -,Greg Gregory,71.36,3140,44
70, -,Tyler Williamson,71.37,3497,49
71, -,Victor Schwamkrug,71.39,3498,49
T72, -,Jaxon Brigman,71.4,2999,42
T72, -,Jason Dufner,71.4,3570,50
T72, -,Chris Tidland,71.4,3213,45
75, -,Charles Raulerson,71.42,3071,43
76, -,Brian Wilson,71.46,3573,50
77, -,Perry Moss,71.48,2859,40
78, -,Todd Demsey,71.49,3789,53
79, -,Jim Benepe,71.5,2288,32
80, -,David Ogrin,71.52,1931,27
T81, -,David Branshaw,71.56,3721,52
T81, -,Stiles Mitchell,71.56,3220,45
T83, -,Lucas Glover,71.58,1718,24
T83, -,Scott Gump,71.58,2362,33
85, -,Wes Short jr.,71.63,3725,52
T86, -,Jimmy Green,71.64,2579,36
T86, -,Ryuji Imada,71.64,2794,39
88, -,Tom Carter,71.7,4015,56
T89, -,Brian Claar,71.72,2295,32
T89, -,Roland Thatcher,71.72,3873,54
T91, -,Brad Adamonis,71.73,3730,52
T91, -,Chris Couch,71.73,3228,45
93, -,Brian Kamm,71.78,2871,40
94, -,Bobby Gage,71.82,2442,34
T95, -,Gavin Coles,71.83,3017,42
T95, -,John Engler jr.,71.83,3448,48
T95, -,Doug Garwood,71.83,3879,54
98, -,James H. McLean,71.84,2658,37
99, -,Mark Wilson,71.85,3305,46
T100, -,Craig Bowden,71.86,3521,49
T100, -,Trevor Dodds,71.86,2587,36
102, -,Billy Judah,71.88,3594,50
103, -,Brent Winston,71.89,2588,36
T104, -,Grover Justice,71.9,3020,42
T104, -,Kevin Wentworth,71.9,2804,39
106, -,Kevin Durkin,71.91,3164,44
107, -,Michael Flynn,71.94,2302,32
T108, -,David Dyer,71.95,2950,41
T108, -,Nolan Henke,71.95,2662,37
T110, -,Todd Fanning,72,2304,32
T110, -,Dave Schreyer,72,2664,37
112, -,Craig Kanada,72.03,2809,39
113, -,Roger Tambellini,72.07,3027,42
114, -,Jace Bugg,72.08,2883,40
115, -,Sonny Skinner,72.1,3605,50
T116, -,Doug Dunakey,72.13,3318,46
T116, -,Andy Morse,72.13,2164,30
T116, -,Ted Purdy,72.13,3246,45
T119, -,Casey Martin,72.14,2020,28
T119, -,Keith Nolan,72.14,3174,44
121, -,Ahmad Bateman,72.18,2743,38
122, -,John Elliott,72.23,3467,48
123, -,Daniel Chopra,72.3,3615,50
124, -,Brad Ott,72.32,3182,44
125, -,Eric Johnson,72.36,3401,47
T126, -,Ben Ferguson,72.4,3475,48
T126, -,Steve Holmes,72.4,2896,40
128, -,Richie Coughlan,72.5,2175,30
129, -,Steve Runge,72.55,2757,38
130, -,Don Reese,72.57,2685,37
131, -,Mike Perez,72.58,1887,26
132, -,Robert Garrigus,72.64,2833,39
133, -,Joey Maxon,72.83,3059,42
134, -,Nathan Green,72.86,3133,43
T135, -,Erik Compton,72.87,2186,30
T135, -,Mike Sullivan,72.87,2186,30
137, -,Travis Williams,72.92,2625,36
138, -,Travis Nance,72.97,2335,32
139, -,Richard Johnson,73.12,3656,50
140, -,Jon Mills,73.16,2780,38
141, -,Han Lee,73.21,2489,34
142, -,Tom Kalinowski,73.24,3369,46
143, -,Andy Walker,73.84,2732,37
144, -,John Kernohan,73.94,2514,34
145, -,Wes Tuck,74.03,2147,29
146, -,Bud Still,74.09,2519,34
*2001,Buy.com Tour Championship,,,,
T1, -,Chad Campbell,69.54,3199,46
T1, -,Todd Fischer,69.54,1669,24
3, -,Mike Heinen,69.55,2017,29
4, -,Jason Dufner,69.62,1810,26
5, -,Rod Pampling,69.79,3629,52
T6, -,David Gossett,69.83,1676,24
T6, -,Matt Peterson,69.83,2933,42
T8, -,Deane Pappas,69.98,3359,48
T8, -,Richard Zokol,69.98,2939,42
10, -,Sonny Skinner,70.08,3364,48
11, -,Bo Van Pelt,70.1,3365,48
12, -,Tim Petrovic,70.11,3225,46
13, -,Brad Fabel,70.14,1543,22
14, -,Brian Bateman,70.17,3368,48
15, -,John Rollins,70.22,3511,50
T16, -,Pat Bates,70.27,3373,48
T16, -,Eric Meeks,70.27,3373,48
18, -,Heath Slocum,70.33,2532,36
19, -,Chad Wright,70.34,2673,38
T20, -,Jonathan Byrd,70.38,2815,40
T20, -,Rob McKelvey,70.38,3519,50
22, -,Tom Carter,70.42,3521,50
23, -,Mike Brisky,70.43,2817,40
24, -,Paul Claxton,70.46,3664,52
25, -,Tjaart van der Walt,70.47,3171,45
26, -,Jim Benepe,70.52,2327,33
27, -,Jeff Gove,70.54,3527,50
28, -,Bob Heintz,70.56,3528,50
29, -,Jim Rutledge,70.63,1695,24
30, -,Mark Walker,70.64,1978,28
T31, -,Jason Buha,70.69,3464,49
T31, -,Fran Quinn,70.69,3181,45
T31, -,Charles Raulerson,70.69,3464,49
34, -,D.A. Points,70.73,2829,40
35, -,John Kernohan,70.75,1698,24
36, -,Tim O'Neal,70.76,3255,46
37, -,John Elliott,70.77,3397,48
T38, -,Brian Kamm,70.8,3115,44
T38, -,David Kirkpatrick,70.8,3540,50
T38, -,Pat Perez,70.8,3611,51
41, -,Steve Gotsche,70.81,2974,42
42, -,Scott Hebert,70.83,3258,46
T43, -,John Wilson,70.85,2834,40
T43, -,Mark Wurtz,70.85,2834,40
T45, -,Jason Caron,70.87,3685,52
T45, -,Kelly Gibson,70.87,3331,47
T47, -,Jason Schultz,70.88,2410,34
T47, -,Vic Wilk,70.88,3686,52
49, -,Ryuji Imada,70.9,3545,50
50, -,Perry Moss,70.93,2128,30
51, -,David McKenzie,70.94,2412,34
52, -,Andy Morse,70.95,2980,42
53, -,Gene Sauers,70.96,1845,26
54, -,Jason Hill,70.98,3691,52
55, -,Omar Uresti,71.02,3409,48
56, -,Michael Long,71.04,3268,46
57, -,Chris Couch,71.06,3340,47
58, -,Robert Gaus,71.08,3696,52
59, -,Trevor Dodds,71.1,2986,42
60, -,Michael Allen,71.12,2987,42
61, -,Todd Barranger,71.13,3841,54
62, -,Rob McMillan,71.14,2561,36
T63, -,Jeff Sanday,71.15,3344,47
T63, -,Mike Schuchart,71.15,2419,34
65, -,Iain Steel,71.18,1993,28
T66, -,Tommy Biershenk,71.2,3275,46
T66, -,Ryan Howison,71.2,3275,46
T66, -,Brad Klapprott,71.2,2848,40
T69, -,Dave Barr,71.21,1709,24
T69, -,Mike Grob,71.21,3774,53
71, -,Jay Delsing,71.22,2564,36
72, -,Bobby Gage,71.23,3063,43
73, -,Steve Haskins,71.24,3491,49
74, -,Brian Claar,71.25,1995,28
T75, -,R.W. Eaks,71.26,2779,39
T75, -,Charley Hoffman,71.26,3278,46
T75, -,Lee Rinker,71.26,3563,50
T75, -,Bud Still,71.26,2423,34
79, -,Danny Briggs,71.28,3279,46
T80, -,Eric Johnson,71.29,2709,38
T80, -,Sam Randolph,71.29,2424,34
82, -,Ben Crane,71.31,3637,51
83, -,Patrick Burke,71.32,2710,38
84, -,Jamie Rogers,71.34,3567,50
85, -,Kevin Burton,71.36,2783,39
T86, -,Craig Bowden,71.38,2784,39
T86, -,Keoke Cotner,71.38,3712,52
T86, -,Darron Stiles,71.38,3712,52
89, -,Rick Price,71.39,3284,46
90, -,Scott Petersen,71.4,3427,48
91, -,Chris Wollmann,71.42,3571,50
92, -,Rob Bradley,71.43,2857,40
93, -,Pete Morgan,71.45,3001,42
T94, -,Guy Boros,71.48,3288,46
T94, -,Scott Gump,71.48,2216,31
T94, -,Patrick Sheehan,71.48,3288,46
T97, -,Bob Friend,71.56,3435,48
T97, -,Anthony Rodriguez,71.56,2433,34
T99, -,Jeff Freeman,71.58,3436,48
T99, -,Greg Twiggs,71.58,2577,36
T99, -,Stan Utley,71.58,2577,36
T102, -,Shane Bertsch,71.6,3437,48
T102, -,Jay Hobby,71.6,3580,50
104, -,Kuni Kuniyoshi,71.64,2006,28
T105, -,Jason Knutzon,71.66,2723,38
T105, -,Casey Martin,71.66,2938,41
T105, -,Stiles Mitchell,71.66,2723,38
T108, -,John Maginnes,71.69,2796,39
T108, -,Vance Veazey,71.69,3441,48
T110, -,Curt Byrum,71.71,2008,28
T110, -,Mark W. Johnson,71.71,3012,42
T112, -,Brian Hull,71.76,3014,42
T112, -,Don Reese,71.76,3301,46
T114, -,Brenden Pappas,71.78,3661,51
T114, -,Kevin Pendley,71.78,2871,40
T116, -,Ty Armstrong,71.79,3446,48
T116, -,Joe Daley,71.79,3446,48
T116, -,Steve Runge,71.79,3446,48
T119, -,Emlyn Aubrey,71.8,3303,46
T119, -,Billy Judah,71.8,3590,50
T119, -,Rick Woodson,71.8,2872,40
122, -,John Morse,71.83,2155,30
123, -,Todd Rose,71.85,2874,40
124, -,John Patterson,71.95,2662,37
T125, -,Chip Beck,71.96,2015,28
T125, -,Curtis Wangrud,71.96,3526,49
T127, -,Jody Bellflower,72,2880,40
T127, -,Brian Fogt,72,3312,46
T127, -,Gary Hallberg,72,2232,31
130, -,Nick Napoleon,72.08,2883,40
131, -,Morris Hatalsky,72.11,2740,38
132, -,Bobby Elliott,72.22,3250,45
133, -,Sung Man Lee,72.26,2457,34
134, -,Eric Booker,72.61,3340,46
135, -,Chris Starkjohann,72.69,2617,36
136, -,Rick Cramer,72.75,2619,36
137, -,Ryan Vermeer,72.76,2765,38
138, -,Bobby Kalinowski,72.82,2767,38
139, -,Bobby Cochran,73.26,3370,46
140, -,Oscar Serna,73.29,2785,38
141, -,Richard Smith,73.41,2496,34
142, -,Esteban Isasi,74.11,2742,37
*2000,Buy.com Tour Championship,,,,
1, -,Chris Smith,69.85,2794,40
2, -,Donnie Hammond,70.13,2104,30
3, -,Briny Baird,70.16,3578,51
4, -,Mike Grob,70.19,1825,26
5, -,Mark Hensby,70.29,3444,49
6, -,Michael Allen,70.32,1547,22
7, -,Andy Morse,70.35,2392,34
8, -,J.J. Henry,70.43,4085,58
9, -,John Riegger,70.44,3663,52
10, -,David Berganio jr.,70.45,3100,44
11, -,Craig Kanada,70.56,3810,54
T12, -,R.W. Eaks,70.61,2895,41
T12, -,Spike McRoy,70.61,3954,56
T14, -,Jody Bellflower,70.7,2121,30
T14, -,Tripp Isenhour,70.7,3111,44
16, -,Ahmad Bateman,70.72,2051,29
T17, -,Paul Gow,70.73,3112,44
T17, -,Lee Porter,70.73,3466,49
T17, -,Larry Rinker,70.73,1556,22
20, -,Jeff Hart,70.74,3820,54
21, -,Rob McKelvey,70.75,3962,56
22, -,John Kernohan,70.79,3681,52
T23, -,Kelly Grunewald,70.9,4112,58
T23, -,Tim Loustalot,70.9,2978,42
25, -,Bo Van Pelt,70.92,3759,53
26, -,Joe Daley,70.93,3121,44
27, -,Keith Clearwater,70.94,2199,31
28, -,Brian Wilson,70.97,2697,38
T29, -,Jimmy Johnston,70.98,2839,40
T29, -,Ian Leggatt,70.98,3265,46
T31, -,Sonny Skinner,71,3834,54
T31, -,Vaughn Taylor,71,1704,24
T31, -,Rocky Walcher,71,2272,32
T31, -,Garrett Willis,71,3479,49
T35, -,Tim Clark,71.02,3693,52
T35, -,Michael Muehr,71.02,3906,55
T37, -,Kent Jones,71.04,3552,50
T37, -,Matt Peterson,71.04,3694,52
T37, -,Lee Rinker,71.04,3836,54
40, -,Jeff Gallagher,71.06,3340,47
41, -,Brian Tennyson,71.1,2773,39
T42, -,Patrick Burke,71.11,3129,44
T42, -,Paul Claxton,71.11,3982,56
44, -,Chris Zambri,71.12,4196,59
T45, -,Todd Demsey,71.17,3416,48
T45, -,Charles Warren,71.17,3701,52
47, -,Shane Bertsch,71.21,3988,56
48, -,Gibby Gilbert III,71.22,3561,50
49, -,Jim McGovern,71.23,2137,30
50, -,Don Reese,71.24,3847,54
51, -,Fran Quinn,71.3,3565,50
T52, -,Brian Claar,71.35,2426,34
T52, -,Pat Perez,71.35,2640,37
54, -,Tom Kalinowski,71.4,4141,58
55, -,Pat Bates,71.44,3715,52
T56, -,Keoke Cotner,71.46,2644,37
T56, -,Mike Heinen,71.46,2501,35
T56, -,Tjaart van der Walt,71.46,3430,48
59, -,Brian Bateman,71.51,2503,35
60, -,Rob Bradley,71.52,4148,58
T61, -,Ben Crane,71.53,2575,36
T61, -,Mark Wurtz,71.53,2432,34
T63, -,Tommy Biershenk,71.55,3649,51
T63, -,Steve Ford,71.55,3363,47
T65, -,Steve Runge,71.57,3865,54
T65, -,Steve Woods,71.57,2505,35
67, -,Jay Hobby,71.61,2578,36
T68, -,Jaxon Brigman,71.62,4154,58
T68, -,John Elliott,71.62,3796,53
70, -,Ty Armstrong,71.64,4012,56
71, -,Kevin Johnson,71.65,3511,49
72, -,Anthony Painter,71.66,2293,32
73, -,Steve Haskins,71.69,3656,51
74, -,Alan Bratton,71.72,3586,50
75, -,Vance Veazey,71.73,4017,56
76, -,Zoran Zorkic,71.76,3301,46
77, -,Brian Kamm,71.81,3088,43
78, -,Michael Long,71.82,3591,50
79, -,Chris Couch,71.83,3807,53
80, -,Charlie Wi,71.84,3520,49
T81, -,Ryuji Imada,71.85,3449,48
T81, -,Mike Standly,71.85,1868,26
83, -,Jason Gore,71.86,2587,36
84, -,David McCampbell,71.88,2444,34
85, -,Tim Conley,71.89,2732,38
86, -,Guy Hill,71.92,3668,51
87, -,Richard Johnson,71.93,4316,60
T88, -,Roger Rowland,71.94,3669,51
T88, -,John Wilson,71.94,3741,52
90, -,Deane Pappas,71.96,3526,49
91, -,Victor Schwamkrug,71.97,2231,31
92, -,Curt Byrum,71.98,3311,46
93, -,Rick Price,72,2736,38
T94, -,Lewis Chitengwa,72.02,3889,54
T94, -,Greg Gregory,72.02,3889,54
96, -,Bob Gilder,72.04,1873,26
97, -,Sam Randolph,72.06,3459,48
98, -,Jack Ferenz,72.07,3315,46
99, -,Greg Parker,72.11,4038,56
100, -,Hugh Royer III,72.13,2885,40
T101, -,Mark Carnevale,72.14,2020,28
T101, -,Eric Meeks,72.14,2597,36
103, -,Gary Webb,72.15,2886,40
T104, -,Gene Sauers,72.16,2309,32
T104, -,Chris Stutts,72.16,3103,43
106, -,Dennis Zinkon,72.17,3464,48
T107, -,Marco Gortana,72.18,4042,56
T107, -,Manny Zerman,72.18,3681,51
109, -,Chris Starkjohann,72.19,2671,37
T110, -,Warren Schutte,72.2,2527,35
T110, -,Darron Stiles,72.2,4043,56
112, -,Kris Cox,72.22,3900,54
T113, -,Mike Emery Jr.,72.29,3036,42
T113, -,Greg Twiggs,72.29,2458,34
T113, -,Bobby Wadkins,72.29,1735,24
116, -,Geoffrey Sisk,72.32,2676,37
T117, -,Rod Pampling,72.33,3472,48
T117, -,Jeff Street,72.33,3906,54
119, -,Guy Boros,72.38,2895,40
120, -,Angel Franco,72.42,1738,24
121, -,Vic Wilk,72.43,3549,49
122, -,Conrad Ray,72.48,4059,56
123, -,Rob Moss,72.5,3335,46
124, -,Jim M. Johnson,72.54,4062,56
125, -,Iain Steel,72.55,2757,38
126, -,Randy Leen,72.56,2467,34
127, -,Don Walsworth,72.57,2540,35
T128, -,Kevin Blanton,72.62,3413,47
T128, -,Stan Utley,72.62,3050,42
130, -,Chris Jorgensen,72.63,3777,52
131, -,Fred Wadsworth,72.68,2689,37
132, -,Hiroshi Matsuo,72.69,3780,52
133, -,Tray Tyner,72.72,3418,47
134, -,Ted Purdy,72.75,3201,44
135, -,Eric Johnson,72.83,2185,30
136, -,Clark Dennis,72.86,2623,36
137, -,Andrew Price,72.95,2845,39
138, -,Mike Sullivan,72.96,2043,28
139, -,Stiles Mitchell,73,2774,38
140, -,Greg Sweatt,73.18,2415,33
141, -,Greg Lesher,73.2,3660,50
142, -,Jim Estes,73.32,2493,34
143, -,Patrick Lee,73.48,3968,54
144, -,Charley Hoffman,73.51,2573,35
145, -,Derrick Pursley,73.56,2354,32
146, -,Kevin Pendley,73.65,3535,48
147, -,Bob Lohr,73.81,2362,32
148, -,Brad Ball,74.36,2677,36
149, -,Eric Rustand,74.8,3740,50
*1999,Nike Tour Championship,,,,
1, -,Marco Dawson,69.56,2852,41
2, -,Joel Edwards,69.83,3631,52
3, -,Brad Elder,70.11,3225,46
4, -,Edward Fryatt,70.16,3929,56
5, -,Kelly Gibson,70.4,2816,40
6, -,Mathew Goggin,70.6,3389,48
7, -,Brian Tennyson,70.64,3108,44
T8, -,Bob Heintz,70.65,3250,46
T8, -,Dicky Thompson,70.65,2402,34
T10, -,Shaun Micheel,70.67,3463,49
T10, -,Garrett Willis,70.67,2120,30
12, -,Carl Paulson,70.71,3889,55
T13, -,Todd Demsey,70.74,3749,53
T13, -,Mark Wurtz,70.74,2688,38
15, -,Glen Hnatiuk,70.76,3538,50
16, -,Jim McGovern,70.87,3685,52
T17, -,Michael Clark II,70.9,3687,52
T17, -,Mike Grob,70.9,4112,58
T19, -,Jeff Gove,70.92,4255,60
T19, -,Jim M. Johnson,70.92,3546,50
21, -,Marco Gortana,71,3550,50
22, -,Steve Gotsche,71.04,3694,52
23, -,Ryan Howison,71.06,3837,54
24, -,Jerry Smith,71.07,3838,54
25, -,Don Reese,71.11,3982,56
T26, -,J.J. Henry,71.13,3983,56
T26, -,Matt Peterson,71.13,3841,54
T26, -,Richard Zokol,71.13,2276,32
29, -,Patrick Lee,71.18,2847,40
30, -,Keith Nolan,71.2,3560,50
31, -,Greg Lesher,71.23,3704,52
32, -,Steve Ford,71.24,3562,50
33, -,Casey Martin,71.25,3420,48
34, -,Tim Petrovic,71.27,3706,52
T35, -,Rocky Walcher,71.29,1996,28
T35, -,Dennis Zinkon,71.29,2994,42
T37, -,Christian Chernock,71.34,2711,38
T37, -,Mike Heinen,71.34,3353,47
T37, -,Kevin Johnson,71.34,3995,56
40, -,Sam Randolph,71.36,3354,47
41, -,Craig Bowden,71.37,3711,52
42, -,Tripp Isenhour,71.38,3712,52
T43, -,Tim Conley,71.4,2999,42
T43, -,Matt Gogel,71.4,3713,52
45, -,Vance Veazey,71.41,4142,58
46, -,Steve Haskins,71.42,3571,50
47, -,Paul Claxton,71.43,4000,56
T48, -,Joe Daley,71.44,3858,54
T48, -,Shane Supple,71.44,3072,43
50, -,Chris Zambri,71.46,4002,56
51, -,Ted Oh,71.49,2502,35
52, -,David Berganio jr.,71.5,2860,40
53, -,Craig Kanada,71.52,3719,52
54, -,Tim Clark,71.56,3578,50
55, -,Ryan Hietala,71.59,4009,56
56, -,Dick Mast,71.61,2936,41
57, -,Richard Johnson,71.63,4011,56
58, -,John Riegger,71.65,3081,43
59, -,Robin Byrd,71.66,3798,53
T60, -,Brian Kamm,71.69,3441,48
T60, -,David Peoples,71.69,2509,35
62, -,Brian Bateman,71.7,2868,40
T63, -,Brian Claar,71.71,2008,28
T63, -,Michael Muehr,71.71,3657,51
65, -,Gary Christian,71.75,3444,48
66, -,Bobby Wadkins,71.76,2081,29
T67, -,Shane Bertsch,71.77,3804,53
T67, -,Darrett Brinker,71.77,2153,30
T67, -,Darron Stiles,71.77,3158,44
70, -,Stan Utley,71.78,3589,50
71, -,Jim Estes,71.81,3734,52
72, -,Greg Bruckner,71.82,4022,56
73, -,Joey Gullion,71.84,3161,44
T74, -,Kris Cox,71.85,3736,52
T74, -,Kevin Dillen,71.85,2874,40
T76, -,Mike Small,71.86,3162,44
T76, -,Mike Sullivan,71.86,2084,29
78, -,Larry Silveira,71.88,1725,24
79, -,John Wilson,71.9,3523,49
80, -,Spike McRoy,71.91,1582,22
T81, -,Curt Byrum,71.94,3741,52
T81, -,Mark Hensby,71.94,3453,48
83, -,Ben Ferguson,71.98,3743,52
T84, -,Jay Hobby,72,3096,43
T84, -,Fran Quinn,72,3672,51
86, -,Craig Perks,72.07,4036,56
87, -,Chris Tidland,72.08,2883,40
88, -,Rich Barcelo,72.09,3893,54
89, -,Chad Ginn,72.1,3533,49
90, -,Ashley Chinner,72.12,2957,41
91, -,Steve Lamontagne,72.14,3102,43
T92, -,Michael Allen,72.25,3468,48
T92, -,Jerry Foltz,72.25,2023,28
T92, -,Don Walsworth,72.25,3179,44
95, -,Gary Nicklaus,72.26,3324,46
96, -,Jason Tyska,72.31,3760,52
T97, -,Paul Gow,72.34,2749,38
T97, -,Wes Tuck,72.34,2966,41
99, -,Joey Snyder III,72.36,3618,50
100, -,Gibby Gilbert III,72.42,3838,53
101, -,Ahmad Bateman,72.47,2319,32
T102, -,Jeff Julian,72.49,3552,49
T102, -,Gene Sauers,72.49,2537,35
104, -,Roy Biancalana,72.5,3335,46
105, -,John Rollins,72.51,2828,39
106, -,Brian Fogt,72.52,3771,52
107, -,Mike Meehan,72.53,2756,38
T108, -,Steve Pope,72.54,3627,50
T108, -,Dave Rummells,72.54,1886,26
110, -,Pat Nanney jr.,72.56,3773,52
111, -,Bill Britton,72.58,2613,36
112, -,Chris Starkjohann,72.59,3920,54
113, -,Steve Woods,72.66,3197,44
114, -,Dave Schreyer,72.67,3924,54
115, -,Conrad Ray,72.7,2908,40
116, -,Gary March,72.76,2474,34
117, -,Craig Matthew,72.8,3713,51
T118, -,Ron Ewing,72.81,3422,47
T118, -,Eric Johnson,72.81,3932,54
120, -,Jeff Klein,72.82,2767,38
121, -,Tom Silva,72.83,3059,42
122, -,Greg Twiggs,72.84,2768,38
123, -,Kevin Riley,72.9,3645,50
124, -,Brett Wayment,72.95,4085,56
125, -,Ren Budde,73,3723,51
T126, -,Ed Humenik,73.07,3946,54
T126, -,Hugh Royer III,73.07,2192,30
128, -,Rick Price,73.08,2923,40
129, -,Guy Boros,73.16,2341,32
130, -,Stiles Mitchell,73.21,3880,53
131, -,Steven Young,73.35,3521,48
T132, -,Tony Bordwell,73.37,2788,38
T132, -,Anthony Painter,73.37,2568,35
134, -,Fred Wadsworth,73.42,2643,36
135, -,Dino Lucchesi,74.36,3272,44
*1998,Nike Tour Championship,,,,
1, -,Woody Austin,69.61,3063,44
2, -,Eric Booker,69.72,3207,46
3, -,Brian Tennyson,69.74,2929,42
4, -,Bob Burns,69.83,3212,46
5, -,Jimmy Green,69.94,3567,51
T6, -,David Berganio jr.,70.03,2451,35
T6, -,John Maginnes,70.03,2801,40
8, -,Garrett Willis,70.1,1472,21
9, -,Rob McKelvey,70.28,2530,36
10, -,Notah Begay III,70.3,3093,44
11, -,Chris Zambri,70.35,3799,54
T12, -,Craig Perks,70.37,2885,41
T12, -,Charles Raulerson,70.37,3800,54
14, -,Bruce Vaughan,70.42,1831,26
15, -,David Kirkpatrick,70.5,2115,30
16, -,Craig Bowden,70.53,4091,58
17, -,Paul Claxton,70.54,3950,56
18, -,Jeff Gove,70.56,3810,54
19, -,Jeff Brehaut,70.57,3811,54
20, -,Ron Whittaker,70.58,1694,24
21, -,Greg Lesher,70.61,3813,54
22, -,Emlyn Aubrey,70.63,3673,52
23, -,Tom Scherrer,70.64,3532,50
24, -,Brian Bateman,70.69,3605,51
25, -,Robin Freeman,70.7,2828,40
26, -,Charlie Wi,70.73,1839,26
27, -,Sean Murphy,70.74,3820,54
28, -,Geoffrey Sisk,70.75,3962,56
T29, -,Dennis Paulson,70.77,3680,52
T29, -,Carl Paulson,70.77,4246,60
T31, -,Doug Dunakey,70.78,3539,50
T31, -,Don Reese,70.78,3610,51
33, -,Deane Pappas,70.79,3752,53
34, -,Joe Ogilvie,70.82,4249,60
T35, -,Scott Dunlap,70.83,2975,42
T35, -,John Kernohan,70.83,4108,58
37, -,Pat Bates,70.85,3826,54
38, -,John Wilson,70.86,2976,42
39, -,Gene Sauers,70.92,2553,36
40, -,Marco Gortana,70.94,3689,52
T41, -,Rocky Walcher,70.96,3832,54
T41, -,Jay Williamson,70.96,3974,56
T43, -,Danny Briggs,70.98,3123,44
T43, -,Steve Hart,70.98,3123,44
T43, -,Ryan Howison,70.98,3833,54
T43, -,Steve Lamontagne,70.98,3549,50
T43, -,Perry Moss,70.98,3549,50
T48, -,Michael Clark II,71,3621,51
T48, -,Matt Gogel,71,3550,50
T48, -,Chris Riley,71,3408,48
T48, -,Mike Sposa,71,3976,56
T48, -,Karl Zoller,71,2698,38
53, -,Rick Cramer,71.04,1705,24
54, -,Matthew Lane,71.05,2842,40
55, -,Don Walsworth,71.07,3838,54
56, -,Sam Randolph,71.09,3270,46
T57, -,Jay C. Davis,71.14,3557,50
T57, -,Craig Kanada,71.14,3557,50
T59, -,Paul Gow,71.15,3415,48
T59, -,Tom R. Shaw,71.15,3415,48
61, -,Jeff Barlow,71.16,2277,32
62, -,Brian Gay,71.22,3276,46
63, -,Chris Stutts,71.23,3704,52
T64, -,Joey Gullion,71.24,3847,54
T64, -,Kevin Johnson,71.24,3847,54
66, -,Shane Tait,71.27,2138,30
67, -,Mike Sullivan,71.28,2851,40
68, -,JC Anderson,71.32,2924,41
69, -,Jason Gore,71.33,2568,36
70, -,Chris Anderson,71.34,3995,56
71, -,Charlie Rymer,71.35,3068,43
T72, -,Jeff Julian,71.36,3568,50
T72, -,Casey Martin,71.36,3140,44
T72, -,Adam Spring,71.36,3996,56
75, -,Michael Walton,71.37,3640,51
76, -,Matt Peterson,71.41,2785,39
77, -,Michael Muehr,71.44,3715,52
78, -,Joey Snyder III,71.45,4144,58
79, -,Gary Rusnak,71.47,3216,45
80, -,Jaxon Brigman,71.48,3431,48
81, -,John Elliott,71.49,4075,57
82, -,Patrick Lee,71.5,3861,54
83, -,Chris Couch,71.52,3290,46
84, -,Curt Byrum,71.53,2146,30
85, -,Dave Schreyer,71.56,3435,48
86, -,Cliff Kresge,71.59,2291,32
T87, -,Taylor Smith,71.63,2292,32
T87, -,Greg Twiggs,71.63,2722,38
89, -,Steve Haskins,71.64,3582,50
90, -,Dennis Zinkon,71.65,2866,40
91, -,Ty Armstrong,71.67,3297,46
T92, -,Robert Floyd,71.68,4014,56
T92, -,Mark Hensby,71.68,3584,50
T94, -,James Gilleon,71.72,2797,39
T94, -,Fred Wadsworth,71.72,2295,32
96, -,Kevin Riley,71.73,3515,49
T97, -,Jerry Foltz,71.74,3300,46
T97, -,Greg Whisman,71.74,2439,34
99, -,David McCampbell,71.81,3016,42
100, -,Brent Schwarzrock,71.83,3304,46
T101, -,Rodney Butcher,71.85,2371,33
T101, -,Anthony Painter,71.85,2371,33
103, -,Eric Johnson,71.86,3593,50
T104, -,David Seawell,71.89,2588,36
T104, -,Bob Sowards,71.89,4026,56
106, -,Michael Allen,71.9,3020,42
107, -,Billy Downes,71.91,3164,44
108, -,Jon Levitt,71.96,3310,46
109, -,Fran Quinn,72.08,2667,37
110, -,David Wedzik,72.14,2597,36
111, -,Ivan Smith,72.16,2670,37
112, -,Stiles Mitchell,72.2,3610,50
113, -,Patrick Boyd,72.26,3035,42
114, -,John Stone,72.32,2242,31
115, -,Bud Still,72.41,3910,54
116, -,Ahmad Bateman,72.61,3195,44
117, -,Eric Bogar,72.86,2696,37
118, -,Anthony Rodriguez,72.97,2627,36
119, -,Tony Sills,73.03,2483,34
120, -,Trey Coker,73.25,3223,44
121, -,Jeff Fujimoto,73.68,2726,37
122, -,Steve Schneiter,73.9,2291,31
123, -,Joe Walsh,74.33,4014,54
*1997,Nike Tour Championship,,,,
1, -,Chris Smith,69.26,2355,34
2, -,R.W. Eaks,69.7,3206,46
3, -,Bobby Wadkins,69.87,2655,38
4, -,Jaime Gomez,70.04,1821,26
T5, -,Trevor Dodds,70.06,2242,32
T5, -,Glen Hnatiuk,70.06,3363,48
7, -,Steve Flesch,70.19,3720,53
8, -,Franklin Langham,70.25,2248,32
9, -,J.L. Lewis,70.3,3937,56
10, -,Mark Carnevale,70.33,2743,39
11, -,Ben Bates,70.45,4086,58
12, -,Steve Jurgensen,70.46,1691,24
T13, -,Barry Cheesman,70.52,3526,50
T13, -,Michael Clark II,70.52,3526,50
T13, -,Chris DiMarco,70.52,3808,54
T13, -,Steve Lamontagne,70.52,3385,48
T13, -,Bruce Vaughan,70.52,3244,46
18, -,Cliff Kresge,70.63,4026,57
19, -,Patrick Lee,70.66,2685,38
20, -,Don Walsworth,70.68,1555,22
T21, -,Jim Estes,70.7,3040,43
T21, -,Tim Loustalot,70.7,3040,43
T23, -,Brian Kamm,70.77,3397,48
T23, -,Matthew Lane,70.77,1557,22
25, -,Terry Price,70.79,2973,42
26, -,Harrison Frazar,70.8,3540,50
27, -,Matt Gogel,70.81,3399,48
28, -,Clark Dennis,70.85,3684,52
29, -,Bob Gilder,70.86,3118,44
T30, -,Deane Pappas,70.88,2977,42
T30, -,Dennis Paulson,70.88,3473,49
32, -,Carl Paulson,70.93,4114,58
T33, -,Jeff Brehaut,71,3692,52
T33, -,Greg Lesher,71,2130,30
35, -,Jeff Gallagher,71.04,3481,49
36, -,Don Reese,71.07,3269,46
T37, -,Bob Friend,71.09,3839,54
T37, -,Kevin Johnson,71.09,3128,44
T37, -,Arden Knoll,71.09,3270,46
T37, -,Mike Small,71.09,3768,53
T41, -,Rocky Walcher,71.1,4124,58
T41, -,Chris Winchip,71.1,2133,30
43, -,Eric Booker,71.12,3556,50
44, -,Tim Conley,71.14,3557,50
45, -,Kent Jones,71.15,3842,54
T46, -,Jeff Gove,71.16,2704,38
T46, -,Esteban Toledo,71.16,4056,57
48, -,Bud Still,71.17,3416,48
49, -,Ray Stewart,71.18,2705,38
50, -,Steve Schneiter,71.19,1851,26
51, -,Michael Allen,71.2,2848,40
52, -,John Inman,71.21,3703,52
53, -,Karl Zoller,71.22,3276,46
54, -,Iain Steel,71.23,2849,40
55, -,P.J. Cowan,71.25,2565,36
56, -,Chris Zambri,71.26,2423,34
57, -,Joe Daley,71.28,3564,50
T58, -,Ahmad Bateman,71.29,3636,51
T58, -,Tom R. Shaw,71.29,3707,52
60, -,Jerry Foltz,71.3,2852,40
61, -,Mike Emery Jr.,71.33,3281,46
T62, -,Jeff Cook,71.34,3567,50
T62, -,Dan Stone,71.34,3139,44
T62, -,Mike Swartz,71.34,3139,44
T65, -,Todd Gleaton,71.37,2926,41
T65, -,Matt Peterson,71.37,3283,46
67, -,Croy Cochran,71.4,3784,53
68, -,Bryan Gorman,71.41,1928,27
69, -,Joe Cioe,71.42,3928,55
70, -,Rick Cramer,71.44,3715,52
71, -,Chris Couch,71.45,2358,33
T72, -,Kevin Altenhof,71.49,2931,41
T72, -,Tom Scherrer,71.49,3789,53
T74, -,Jeff Barlow,71.5,3289,46
T74, -,Greg Bruckner,71.5,3861,54
T74, -,Sam Randolph,71.5,2860,40
77, -,Briny Baird,71.51,3218,45
T78, -,Mark Hensby,71.55,2361,33
T78, -,Gary Webb,71.55,3005,42
80, -,Jeff Thorsen,71.58,3436,48
81, -,Pat Bates,71.59,3293,46
T82, -,Richard Gilkey,71.66,2293,32
T82, -,Rob McKelvey,71.66,3368,47
84, -,Sean Murphy,71.68,2724,38
T85, -,Billy Downes,71.7,3872,54
T85, -,Greg Towne,71.7,3155,44
87, -,Garrett Willis,71.74,2439,34
88, -,John Elliott,71.77,3804,53
89, -,Todd Barranger,71.83,2945,41
90, -,Harry Rudolph,71.84,3592,50
91, -,Paul Gow,71.85,1940,27
T92, -,Tom Hearn,71.88,3019,42
T92, -,Dennis Zinkon,71.88,3738,52
94, -,Dan Pelczarski,71.9,3667,51
95, -,Ron Whittaker,71.91,3811,53
96, -,Michael Muehr,71.93,3237,45
97, -,Jeff Julian,71.94,3453,48
98, -,Ashley Chinner,71.95,2662,37
T99, -,Craig Perks,72,3456,48
T99, -,Greg Whisman,72,3744,52
T101, -,Darron Stiles,72.1,3749,52
T101, -,Stan Utley,72.1,3605,50
103, -,David Jackson,72.17,3753,52
104, -,Shane Supple,72.19,2671,37
105, -,John Johnson,72.29,3759,52
106, -,Jay Synkelma,72.33,3544,49
107, -,Ryan Howison,72.35,3328,46
108, -,Heath Slocum,72.39,2751,38
109, -,Greg Twiggs,72.5,2755,38
110, -,Tom Kroll,72.52,3191,44
111, -,Eric Frishette,72.53,3409,47
112, -,JC Anderson,72.61,3558,49
113, -,Barry Conser,72.63,3486,48
114, -,Fred Wadsworth,72.66,2761,38
115, -,Jeff Lee,72.78,3566,49
116, -,Chad Magee,72.8,2184,30
117, -,Cameron Beckman,72.91,3354,46
118, -,Brian Bateman,73,2774,38
119, -,Bob Blean,73.11,2778,38
120, -,Rick Stallings,73.22,3295,45
121, -,David Seawell,73.36,3081,42
122, -,Fred Benton,73.45,2130,29
*1996,Nike Tour Championship,,,,
1, -,Stewart Cink,69.76,2930,42
2, -,Skip Kendall,70.02,3641,52
3, -,Joe Durant,70.11,3786,54
4, -,David Berganio jr.,70.12,2875,41
5, -,Lee Porter,70.2,3510,50
6, -,Rafael Alarcon,70.38,2956,42
7, -,Brent Geiberger,70.45,3945,56
8, -,R.W. Eaks,70.46,2607,37
9, -,Willie Wood,70.54,1834,26
T10, -,Michael Christie,70.6,3389,48
T10, -,Kawika Cotner,70.6,2824,40
12, -,Dave Rummells,70.61,3601,51
13, -,Tim Loustalot,70.65,3250,46
14, -,Bob Burns,70.83,3258,46
T15, -,Billy Downes,70.85,1842,26
T15, -,Brett Quigley,70.85,3897,55
17, -,Phil Tataurangi,70.9,2836,40
18, -,Eric Johnson,70.91,3829,54
T19, -,P.H. Horgan III,71,3976,56
T19, -,Matt Peterson,71,3834,54
21, -,Pat Bates,71.02,3409,48
T22, -,Jeff Barlow,71.04,3978,56
T22, -,Steve Gotsche,71.04,1989,28
T24, -,Jimmy Green,71.06,3837,54
T24, -,Bruce Vaughan,71.06,2558,36
26, -,Paul Claxton,71.07,3838,54
27, -,Jack O'Keefe,71.08,3696,52
28, -,Michael Clark II,71.09,3839,54
T29, -,Glen Hnatiuk,71.11,3129,44
T29, -,Jimmy Johnston,71.11,3911,55
T29, -,Greg Whisman,71.11,3840,54
T32, -,Patrick Lee,71.12,3698,52
T32, -,Rob McKelvey,71.12,3698,52
34, -,Bobby Doolittle,71.13,2845,40
35, -,Clark Dennis,71.16,2277,32
T36, -,Marco Gortana,71.18,1993,28
T36, -,Mike Schuchart,71.18,3559,50
T36, -,Mike Sposa,71.18,3203,45
T39, -,Joe Cioe,71.2,3845,54
T39, -,Greg Twiggs,71.2,3560,50
T41, -,David Jackson,71.23,2137,30
T41, -,Tom Pernice jr.,71.23,3419,48
43, -,J.P. Hayes,71.24,3562,50
44, -,Jerry Foltz,71.25,3705,52
45, -,Bob Wolcott,71.28,3564,50
46, -,Eric Meeks,71.32,2639,37
47, -,Tom R. Shaw,71.33,4137,58
48, -,Larry Silveira,71.35,3710,52
49, -,Deane Pappas,71.38,3355,47
T50, -,Ben Bates,71.4,3713,52
T50, -,Tim Dunlavey,71.4,3213,45
52, -,Craig Bowden,71.42,3428,48
53, -,Jeff Gove,71.43,4000,56
54, -,Shaun Micheel,71.48,3860,54
55, -,Tim Conley,71.53,2146,30
T56, -,Eric Epperson,71.54,3720,52
T56, -,Jerry Haas,71.54,3577,50
58, -,Steve Larick,71.55,2862,40
T59, -,P.J. Cowan,71.59,2792,39
T59, -,Dick Mast,71.59,2291,32
61, -,Karl Zoller,71.64,3582,50
62, -,Greg Bruckner,71.65,3296,46
63, -,Rocky Walcher,71.66,4156,58
64, -,Jeff Brehaut,71.67,3727,52
65, -,Damon Green,71.71,3514,49
66, -,Chad Magee,71.72,3371,47
T67, -,Andy Dillard,71.73,2152,30
T67, -,Bill Porter,71.73,3443,48
69, -,Kevin Burton,71.75,4018,56
70, -,Rick Smallridge,71.76,3588,50
71, -,Bill Murchison,71.77,3158,44
72, -,Doug Barron,71.79,3446,48
73, -,Peter Persons,71.8,1795,25
T74, -,Jim Estes,71.81,3878,54
T74, -,Sonny Skinner,71.81,3734,52
T76, -,Mike Small,71.86,3593,50
T76, -,Stan Utley,71.86,2587,36
78, -,Mark Wurtz,71.87,2803,39
T79, -,Rick Cramer,71.88,3450,48
T79, -,Sam Randolph,71.88,2444,34
T81, -,Jaime Gomez,71.93,2014,28
T81, -,Matthew Lane,71.93,3309,46
T81, -,Charlie Wi,71.93,3884,54
84, -,Ryan Howison,71.94,3525,49
85, -,Craig Perks,71.95,2734,38
86, -,Tom Hearn,71.98,3311,46
87, -,Rob Moss,72,3168,44
88, -,John Flannery,72.04,1945,27
89, -,Gary Webb,72.07,2018,28
T90, -,Craig Kanada,72.08,3604,50
T90, -,Christian Raynor,72.08,2595,36
T92, -,Bobby Elliott,72.11,4038,56
T92, -,E.J. Pfister,72.11,3173,44
94, -,Danny Ellis,72.13,3823,53
T95, -,JC Anderson,72.17,3464,48
T95, -,Kevin Johnson,72.17,3392,47
T95, -,Brad Ott,72.17,3753,52
T98, -,Tripp Isenhour,72.2,2527,35
T98, -,Chris Tidland,72.2,3682,51
100, -,Greg Parker,72.25,4046,56
101, -,Danny Briggs,72.27,2168,30
102, -,Dennis Harrington,72.3,3615,50
103, -,Javier Sanchez,72.36,2026,28
104, -,Steve Haskins,72.37,3763,52
105, -,Dean Larsson,72.41,3186,44
106, -,Dustin Phillips,72.47,2174,30
107, -,Greg Petersen,72.55,3555,49
108, -,Briny Baird,72.56,3120,43
109, -,Fred Wadsworth,72.59,2323,32
110, -,Dennis Zinkon,72.65,2470,34
111, -,Jon Hough,72.68,2471,34
112, -,Barry Fabyan,72.7,3926,54
T113, -,Pat Fitzsimons,72.75,3201,44
T113, -,Tom Garner,72.75,2037,28
115, -,Kent Jones,72.76,3638,50
116, -,Buddy Gardner,72.77,2183,30
117, -,Jaxon Brigman,72.83,2913,40
118, -,Steve Novarro,72.84,3205,44
119, -,Scott Petersen,72.96,3502,48
120, -,Jerry Wood,73.08,3654,50
121, -,Jack Steinicke,73.13,3803,52
122, -,Dino Lucchesi,73.48,3674,50
123, -,Steve Runge,73.53,2941,40
*1995,Nike Tour Championship,,,,
1, -,Allen Doyle,70.13,2805,40
2, -,Jerry Kelly,70.16,3929,56
3, -,Sean Murphy,70.24,2950,42
4, -,Olin Browne,70.42,3521,50
5, -,Joe Durant,70.43,3803,54
T6, -,Franklin Langham,70.5,3948,56
T6, -,Clarence Rose,70.5,3102,44
8, -,Ryan Howison,70.55,1552,22
T9, -,Bill Murchison,70.58,3529,50
T9, -,Kevin Sutherland,70.58,3670,52
11, -,Stuart Appleby,70.59,3106,44
T12, -,Brad Fabel,70.6,3530,50
T12, -,Stan Utley,70.6,3530,50
14, -,Sonny Skinner,70.61,3813,54
T15, -,Gary Rusnak,70.66,4098,58
T15, -,Tom Scherrer,70.66,3533,50
T15, -,Tim Simpson,70.66,2897,41
T18, -,Michael Christie,70.69,2545,36
T18, -,Peter Persons,70.69,3605,51
20, -,Danny Briggs,70.7,3111,44
21, -,Tim Herron,70.72,3819,54
22, -,Paul Claxton,70.74,4103,58
T23, -,Ben Bates,70.76,3821,54
T23, -,David Toms,70.76,3821,54
T25, -,Matt Peterson,70.79,3681,52
T25, -,Esteban Toledo,70.79,3681,52
T27, -,Jimmy Johnston,70.8,2903,41
T27, -,Hugh Royer III,70.8,3823,54
29, -,Jeff Hart,70.85,2409,34
30, -,Lee Porter,70.91,2411,34
T31, -,Glen Hnatiuk,70.98,3833,54
T31, -,Robert Wrenn,70.98,3336,47
T31, -,Karl Zoller,70.98,3265,46
34, -,Rafael Alarcon,71,1988,28
35, -,Brent Geiberger,71.02,3977,56
T36, -,Greg Bruckner,71.1,3555,50
T36, -,Frank Lickliter II,71.1,3697,52
T38, -,Buddy Gardner,71.11,1920,27
T38, -,Tom Pernice jr.,71.11,3982,56
T40, -,Joe Cioe,71.13,4268,60
T40, -,Chad Magee,71.13,3699,52
42, -,John Elliott,71.15,4198,59
43, -,Larry Silveira,71.16,3558,50
44, -,Mike Sposa,71.19,3417,48
45, -,Jeff Gallagher,71.2,3133,44
46, -,Chris Smith,71.23,3989,56
47, -,Steve Jurgensen,71.28,3279,46
T48, -,Frank Conner,71.29,3707,52
T48, -,Eric Johnson,71.29,3992,56
T50, -,Joey Gullion,71.31,3851,54
T50, -,Craig Kanada,71.31,3851,54
T50, -,John Maginnes,71.31,3851,54
T53, -,R.W. Eaks,71.33,3424,48
T53, -,Hicks Malonson,71.33,1712,24
T55, -,Jeff Barlow,71.35,3853,54
T55, -,Sam Randolph,71.35,3068,43
57, -,P.H. Horgan III,71.37,2141,30
58, -,Taylor Smith,71.47,3502,49
59, -,Jon Hough,71.48,4003,56
60, -,Chris Patton,71.53,2718,38
61, -,Mike Schuchart,71.54,3720,52
62, -,Shane Bertsch,71.56,3435,48
T63, -,Bill Buttner,71.57,3006,42
T63, -,Phil Tataurangi,71.57,3364,47
65, -,Dennis Trixler,71.59,2649,37
T66, -,Mitch Adcock,71.65,3726,52
T66, -,Jeff Gove,71.65,3869,54
68, -,Len Mattiace,71.66,2723,38
69, -,Don Walsworth,71.68,3584,50
70, -,Tim Conley,71.74,2511,35
T71, -,John Flannery,71.75,2583,36
T71, -,David Jackson,71.75,3157,44
T73, -,Jeff Cook,71.78,3517,49
T73, -,Barry Fabyan,71.78,2584,36
T75, -,John Connelly,71.8,3877,54
T75, -,Robert L. Thompson,71.8,3159,44
77, -,Scott Ford,71.82,2011,28
78, -,Bob Wolcott,71.83,3304,46
79, -,Bill Malley,71.84,3161,44
80, -,David Kirkpatrick,71.85,2874,40
81, -,Roger Rowland,71.89,2732,38
82, -,Bobby Gage,71.9,2948,41
83, -,Kevin Giancola,71.91,3380,47
84, -,Matthew Lane,71.92,3668,51
85, -,Dave Miley,71.94,3885,54
86, -,Bob Friend,71.96,3454,48
87, -,Kelly Mitchum,71.97,2159,30
88, -,Jeff Brehaut,72.04,3674,51
89, -,Morris Hatalsky,72.11,2019,28
90, -,Chad Ginn,72.12,3101,43
91, -,Greg Hamilton,72.14,3174,44
T92, -,Chris Hunsucker,72.18,4042,56
T92, -,Kelly Korleski,72.18,2382,33
94, -,Doug Barron,72.19,3032,42
T95, -,JC Anderson,72.21,3033,42
T95, -,Brad Greer,72.21,3105,43
97, -,Rex Caldwell,72.23,2528,35
T98, -,Rick Smallridge,72.25,2601,36
T98, -,Greg Whisman,72.25,3685,51
T100, -,Brian Fogt,72.28,3325,46
T100, -,Tommy Masters,72.28,3325,46
T102, -,Billy Downes,72.35,2243,31
T102, -,Damon Green,72.35,3762,52
104, -,Dennis Postlewait,72.38,2461,34
T105, -,Derek Gilchrist,72.4,2896,40
T105, -,Rick Pearson,72.4,3041,42
107, -,Marion Dantzler,72.41,2824,39
108, -,Vic Wilk,72.42,3766,52
109, -,E.J. Pfister,72.47,2754,38
110, -,Vance Veazey,72.49,3697,51
T111, -,Jaxon Brigman,72.55,2757,38
T111, -,Tom Stankowski,72.55,3555,49
113, -,Ty Armstrong,72.61,3340,46
114, -,Edward Fryatt,72.62,3631,50
115, -,Jerry Foltz,72.63,3922,54
116, -,Jaime Gomez,72.73,2982,41
117, -,Lance Ten Broeck,72.75,2328,32
118, -,Ronnie McCann,72.83,3787,52
119, -,Perry Parker,72.84,2331,32
120, -,Mark Bucek,72.87,3789,52
121, -,Dean Larsson,72.88,3644,50
122, -,Steve Haskins,73.03,2191,30
123, -,Joe Hamorski,73.19,3513,48
T124, -,Ken Duke,73.4,3156,43
T124, -,Steve Runge,73.4,3670,50
126, -,Greg Powers,73.53,2353,32
127, -,John Dowdall,73.55,3457,47
128, -,Bobby Collins,73.75,3540,48
129, -,Mike Malizia,74.03,2517,34
130, -,Dave Benson,74.18,2522,34
*1994,Nike Tour Championship,,,,
1, -,Jim Carter,69.63,2785,40
2, -,Chris Perry,69.73,3347,48
3, -,Scott Gump,69.94,3357,48
4, -,Emlyn Aubrey,69.95,2658,38
5, -,David Duval,70.14,3086,44
6, -,Lee Rinker,70.25,3653,52
7, -,Bill Porter,70.26,3794,54
8, -,Skip Kendall,70.33,3587,51
9, -,Keith Fergus,70.44,2536,36
10, -,Tommy Tolles,70.46,3664,52
11, -,Tommy Armour III,70.5,2679,38
12, -,Tim Loustalot,70.51,3314,47
13, -,Bill Murchison,70.52,3808,54
14, -,Sonny Skinner,70.53,3738,53
15, -,Jerry Kelly,70.55,3598,51
16, -,Mike Schuchart,70.61,3954,56
17, -,Lance Ten Broeck,70.65,1837,26
18, -,Pat Bates,70.72,3253,46
19, -,Don Reese,70.73,1556,22
20, -,Buddy Gardner,70.83,2054,29
T21, -,Clark Burroughs,70.85,3684,52
T21, -,Tom Scherrer,70.85,3826,54
23, -,Mike Donald,70.88,1701,24
24, -,Brad Fabel,70.89,2552,36
25, -,Bob Friend,70.9,3403,48
26, -,Bruce Vaughan,70.92,3546,50
27, -,Clarence Rose,71,2272,32
28, -,Charlie Rymer,71.04,3339,47
29, -,Gary Rusnak,71.07,3980,56
30, -,Omar Uresti,71.1,3697,52
31, -,John Maginnes,71.11,3840,54
32, -,Matt Peterson,71.17,3274,46
33, -,JC Anderson,71.22,1923,27
34, -,Bob Wolcott,71.25,3705,52
T35, -,Danny Briggs,71.26,3349,47
T35, -,David Jackson,71.26,3563,50
37, -,Jerry Haas,71.27,3706,52
38, -,Steve Haskins,71.29,3493,49
39, -,Jeff Gallagher,71.38,3569,50
40, -,Tray Tyner,71.4,2856,40
T41, -,Jeff Barlow,71.44,3929,55
T41, -,Frank Conner,71.44,3429,48
43, -,Sam Randolph,71.45,2715,38
T44, -,J.P. Hayes,71.48,3431,48
T44, -,Peter Persons,71.48,2216,31
46, -,Woody Austin,71.5,3718,52
47, -,Greg Bruckner,71.54,3291,46
48, -,Webb Heintzelman,71.59,3150,44
49, -,Rex Caldwell,71.63,2937,41
T50, -,Jeff Klein,71.7,2151,30
T50, -,Hugh Royer III,71.7,3370,47
52, -,Jim Schuman,71.71,2725,38
53, -,John Riegger,71.76,2368,33
54, -,Jeff Brehaut,71.77,3445,48
T55, -,Ben Bates,71.78,3661,51
T55, -,Vic Wilk,71.78,3876,54
T57, -,Tom Carr,71.8,3877,54
T57, -,Jim Kane,71.8,3159,44
T59, -,Steve Isley,71.81,3734,52
T59, -,Craig Kanada,71.81,3734,52
61, -,Roger Salazar,71.82,3160,44
T62, -,Jack Ferenz,71.83,3017,42
T62, -,David Kirkpatrick,71.83,3735,52
T62, -,Christian Pena,71.83,3017,42
65, -,R.W. Eaks,71.84,3233,45
66, -,Dean Hiers,71.87,3306,46
67, -,Ron Philo jr.,71.89,2732,38
68, -,Chris Hunsucker,71.94,3813,53
69, -,Mike Sposa,71.96,3886,54
70, -,Brad King,72,1728,24
71, -,Jerry Foltz,72.02,3169,44
T72, -,Joe Durant,72.06,3387,47
T72, -,Steve Ford,72.06,2306,32
T72, -,Rick Pearson,72.06,3675,51
75, -,Franklin Langham,72.14,3607,50
76, -,Harry Rudolph,72.16,3680,51
77, -,Greg Cesario,72.17,3753,52
78, -,John Elliott,72.18,3609,50
79, -,Jade Work,72.22,3250,45
80, -,Hicks Malonson,72.25,1734,24
81, -,Jeffrey Wilson,72.26,3035,42
82, -,Chad Ginn,72.27,3758,52
83, -,Chris Peddicord,72.28,3614,50
84, -,Perry Moss,72.29,2024,28
85, -,Jeff Cook,72.31,3543,49
86, -,Jorge Berendt,72.38,2461,34
87, -,Mitch Adcock,72.39,2027,28
T88, -,Rich Parker,72.4,3620,50
T88, -,Dennis Postlewait,72.4,2896,40
90, -,Chris Patton,72.41,3186,44
91, -,John Kennaday,72.42,2752,38
92, -,Todd Parks,72.45,3405,47
93, -,Barry Fabyan,72.5,1885,26
94, -,Ralph Howe III,72.54,3627,50
95, -,Monte Scheinblum,72.55,2394,33
96, -,Jeff Freeman,72.57,3701,51
97, -,John Ross,72.58,3484,48
98, -,Steve Jurgensen,72.61,3921,54
99, -,Glen Hnatiuk,72.73,3709,51
100, -,Ricky Gonzalez,72.82,3204,44
101, -,Joey Gullion,72.87,2769,38
102, -,Tim Conley,72.92,2844,39
103, -,Alan T. Pate,72.94,2480,34
104, -,Taylor Smith,73,3212,44
105, -,Joe Hamorski,73.07,3215,44
106, -,Tad Holloway,73.1,3801,52
107, -,Mike Emery Jr.,73.11,3363,46
108, -,Jim Lemon,73.24,2490,34
109, -,Brian K. Smith,73.41,2349,32
110, -,Michael Sugar,73.5,3087,42
111, -,John Dal Corobbo,73.59,3385,46
112, -,Tony Grimes,73.9,2956,40
*1993,Nike Tour Championship,,,,
1, -,Doug Martin,69.2,2768,40
2, -,Jerry Haas,69.88,2935,42
3, -,Bob May,69.98,3919,56
4, -,Sean Murphy,70.12,3506,50
5, -,R.W. Eaks,70.14,3507,50
T6, -,Olin Browne,70.19,3299,47
T6, -,Clark Dennis,70.19,2246,32
8, -,Chris Perry,70.2,1755,25
9, -,Danny Briggs,70.37,3026,43
10, -,Guy Boros,70.38,3871,55
11, -,Chris Patton,70.5,1974,28
12, -,Tommy Moore,70.52,3949,56
13, -,Stan Utley,70.57,3105,44
14, -,Curt Byrum,70.58,2682,38
15, -,Steve Brodie,70.59,3106,44
16, -,John Morse,70.6,3671,52
T17, -,Tim Loustalot,70.61,3813,54
T17, -,Ron Streck,70.61,2895,41
19, -,Pete Jordan,70.63,3955,56
20, -,Steve Rintoul,70.69,4100,58
21, -,Chris DiMarco,70.72,4102,58
22, -,Sonny Skinner,70.77,3397,48
23, -,Franklin Langham,70.87,3827,54
24, -,Esteban Toledo,70.88,3969,56
25, -,Tom Garner,70.94,3689,52
T26, -,Jim Carter,70.95,3122,44
T26, -,Omar Uresti,70.95,2696,38
28, -,Hugh Royer III,70.96,3264,46
T29, -,Bob Friend,71.03,2415,34
T29, -,David Sutherland,71.03,2699,38
T29, -,Tommy Tolles,71.03,2841,40
32, -,Bob Burns,71.04,3978,56
33, -,Gary Rusnak,71.12,4267,60
34, -,Larry Silveira,71.13,3841,54
35, -,Eric Hoos,71.14,2988,42
T36, -,Taylor Smith,71.16,4127,58
T36, -,Dave Stockton jr.,71.16,3131,44
38, -,Rick Smallridge,71.18,3559,50
39, -,Brad Lardon,71.2,3133,44
40, -,Mike Heinen,71.22,4131,58
T41, -,Rob Boldt,71.23,3348,47
T41, -,Jeff Brehaut,71.23,3704,52
43, -,Perry Parker,71.25,3135,44
T44, -,Greg Bruckner,71.26,3848,54
T44, -,Jim Furyk,71.26,3563,50
46, -,Emlyn Aubrey,71.32,3780,53
47, -,Robert L. Thompson,71.34,2711,38
48, -,Greg Towne,71.36,2997,42
49, -,Michael Cunning,71.39,3284,46
T50, -,Ben Bates,71.4,4141,58
T50, -,Bill Porter,71.4,4141,58
T52, -,Jon Christian,71.43,3786,53
T52, -,Frank Conner,71.43,3143,44
54, -,Steve Hart,71.46,3287,46
T55, -,Steve Haskins,71.52,4005,56
T55, -,Jerry Kelly,71.52,4005,56
57, -,Karl Zoller,71.56,3435,48
58, -,Karl Kimball,71.58,3579,50
59, -,Don Walsworth,71.62,3939,55
60, -,Greg Parker,71.63,4011,56
61, -,Jeff Hart,71.64,2579,36
62, -,Rick Todd,71.65,3941,55
63, -,Sam Randolph,71.69,3441,48
64, -,J.P. Hayes,71.7,3155,44
65, -,John Hughes,71.74,2726,38
66, -,Greg Whisman,71.77,2799,39
T67, -,Mike Foster,71.8,3159,44
T67, -,Rick Pearson,71.8,3877,54
69, -,Brian Nelson,71.82,2442,34
70, -,Hicks Malonson,71.87,3809,53
71, -,Keith Kulzer,71.89,3163,44
72, -,Chris Kaufman,71.95,3166,44
73, -,Jeff Coston,71.96,3742,52
74, -,Ron Stelten,72.07,2090,29
75, -,George Mack,72.17,3753,52
76, -,Jeff Gallagher,72.18,2887,40
T77, -,Louis Brown,72.21,3755,52
T77, -,Tom Harding,72.21,3755,52
T79, -,Alan T. Pate,72.25,3757,52
T79, -,Chris Peddicord,72.25,2890,40
81, -,Bart Bryant,72.26,3035,42
82, -,Dave Miley,72.33,3761,52
83, -,Michael Weeks,72.34,2315,32
84, -,Mike Miles,72.35,2894,40
T85, -,Don Reese,72.38,3040,42
T85, -,Tray Tyner,72.38,2678,37
T85, -,Rocky Walcher,72.38,1882,26
T88, -,Ty Armstrong,72.4,3041,42
T88, -,Steve Isley,72.4,3620,50
90, -,Steve Jurgensen,72.42,4345,60
91, -,Jack Kay Jr.,72.48,3189,44
92, -,Roger Salazar,72.5,3190,44
93, -,Chris Rule,72.52,3046,42
94, -,Andy Morse,72.61,4066,56
95, -,Scott Deserrano,72.68,3634,50
96, -,Skeeter Heath,72.84,2695,37
97, -,Ashley Chinner,72.89,3426,47
98, -,Roger Gunn,72.97,2335,32
99, -,Uly Grisette,73,1898,26
100, -,Angus Baker,73.06,3726,51
101, -,Chris Starkjohann,73.2,2196,30
102, -,Chris Berens,73.41,3964,54
103, -,Jim Schuman,73.5,3381,46
104, -,Todd Mudge,73.71,2506,34
105, -,David Plumb,73.76,3098,42
106, -,Jason Griffith,74.44,2531,34
107, -,Glen Hnatiuk,74.71,4184,56
*1992,Ben Hogan Fresno Open,,,,
1, -,John Flannery,69.98,3919,56
2, -,Lennie Clements,70.15,1824,26
3, -,Steve Lowery,70.33,2954,42
4, -,Skip Kendall,70.57,3105,44
5, -,Jeff Hart,70.61,3601,51
6, -,Tommy Moore,70.68,4029,57
7, -,Karl Kimball,70.78,3256,46
8, -,Brian Kamm,70.8,3186,45
9, -,Jeff Woodland,70.94,3689,52
10, -,Greg Bruckner,70.95,1561,22
11, -,Rick Dalpos,71,3976,56
T12, -,Jeff Cook,71.02,4048,57
T12, -,Tom Garner,71.02,3693,52
T14, -,David Jackson,71.04,3481,49
T14, -,Marty Schiene,71.04,3765,53
T14, -,Ted Tryba,71.04,3907,55
17, -,Ron Streck,71.05,1563,22
18, -,Joey Rassett,71.1,1422,20
19, -,Sam Randolph,71.14,1494,21
20, -,R.W. Eaks,71.15,3344,47
T21, -,Curt Byrum,71.19,2207,31
T21, -,Trevor Dodds,71.19,3417,48
23, -,Tim Loustalot,71.27,3492,49
T24, -,Russell Beiersdorf,71.28,4277,60
T24, -,John Dowdall,71.28,2281,32
26, -,Andy Morse,71.29,4206,59
27, -,Brian Henninger,71.36,3925,55
28, -,Dennis Trixler,71.4,3713,52
29, -,Mike Miles,71.43,3000,42
30, -,Stephen Ames,71.44,2786,39
T31, -,David Sutherland,71.45,2858,40
T31, -,Tommy Tolles,71.45,3358,47
33, -,Joel Edwards,71.46,1715,24
T34, -,Bob Burns,71.5,3575,50
T34, -,Jaime Gomez,71.5,4004,56
36, -,Steve Rintoul,71.53,3648,51
T37, -,Roger Gunn,71.55,3649,51
T37, -,Greg Twiggs,71.55,1431,20
T39, -,Bill Porter,71.6,4081,57
T39, -,Brian Watts,71.6,3079,43
T41, -,Esteban Toledo,71.62,3939,55
T41, -,Bruce Vaughan,71.62,3008,42
43, -,Rick Pearson,71.63,2865,40
44, -,Paul Goydos,71.67,4157,58
45, -,Jeff Coston,71.74,3874,54
46, -,Mike Putnam,71.75,2870,40
47, -,Alan Schulte,71.77,3158,44
48, -,JC Anderson,71.78,3589,50
49, -,Rob Boldt,71.84,4167,58
50, -,Rick Smallridge,71.86,3521,49
51, -,Jeff Gallagher,71.89,3954,55
52, -,Pete Jordan,71.91,4027,56
53, -,Ron Terry,71.93,3093,43
T54, -,Bryan Norton,71.95,3094,43
T54, -,Taylor Smith,71.95,3957,55
56, -,Roger Salazar,71.96,3886,54
57, -,Rick Todd,71.98,3887,54
58, -,Jeff Klein,72,1656,23
59, -,Scott Williams,72.02,3313,46
60, -,Lee Porter,72.06,2234,31
T61, -,Greg Ladehoff,72.12,1803,25
T61, -,Sean Murphy,72.12,3750,52
T63, -,Greg Towne,72.13,3967,55
T63, -,Paul Trittler,72.13,2813,39
65, -,Webb Heintzelman,72.21,3827,53
66, -,Jon Christian,72.22,4333,60
67, -,Steve Ford,72.26,3035,42
68, -,Kevin Sutherland,72.27,2168,30
69, -,Chris Cookson,72.29,3253,45
70, -,Tim Straub,72.3,3326,46
71, -,Don Reese,72.31,3471,48
72, -,Matt Peterson,72.36,3039,42
73, -,Jeffrey Wilson,72.4,3620,50
T74, -,Christopher Gale,72.42,2245,31
T74, -,Mark Trauner,72.42,3621,50
76, -,Bryan Wagner,72.43,3187,44
77, -,Jack Larkin,72.46,3913,54
78, -,Len Mattiace,72.48,4059,56
79, -,Keith Kulzer,72.5,3770,52
80, -,Jerry Haas,72.54,1741,24
81, -,Dave Miley,72.58,3992,55
82, -,Joey Sadowski,72.6,3993,55
83, -,Fred Wadsworth,72.61,1670,23
84, -,Rocky Walcher,72.67,3052,42
85, -,Mike Foster,72.69,4289,59
86, -,Tony Grimes,72.74,4219,58
87, -,Dave W. Bishop,72.76,2401,33
88, -,Ken Schall,72.79,3785,52
89, -,Jerry Foltz,72.86,3570,49
90, -,Olen Grant,72.87,1676,23
91, -,Don Walsworth,72.9,3718,51
92, -,Tom R. Shaw,72.91,3354,46
T93, -,Jim Benepe,72.97,2481,34
T93, -,John Hulbert,72.97,2116,29
T95, -,Mike Blewett,73,1898,26
T95, -,Billy Tuten,73,3212,44
97, -,Todd Satterfield,73.02,3505,48
98, -,Mike Holland,73.03,2264,31
99, -,Eddie Pearce,73.04,1972,27
100, -,Bob Lasken,73.12,2486,34
101, -,Hicks Malonson,73.18,3293,45
102, -,Chris T. Anderson,73.2,2928,40
103, -,Aaron Meeks,73.21,2855,39
104, -,Donnie Massengale,73.28,1832,25
T105, -,Ted Lehmann,73.29,3811,52
T105, -,Ray Pearce,73.29,1759,24
107, -,Steve Haskins,73.33,3373,46
108, -,Charlie Whittington,73.38,2935,40
109, -,Eric Hoos,73.41,3744,51
T110, -,Eric Brito,73.52,2132,29
T110, -,Brett Quigley,73.52,2132,29
T112, -,Croy Cochran,73.77,4131,56
T112, -,Glen Hnatiuk,73.77,2582,35
114, -,Dale Riley,73.85,1920,26
115, -,Sean Pacetti,74.12,2520,34
116, -,Dennis Harrington,74.47,3798,51
117, -,Bunky Henry,74.63,2612,35
*1991,Ben Hogan Tri-Cities Open,,,,
1, -,Tom Lehman,69.52,3893,56
2, -,Webb Heintzelman,70.1,4066,58
3, -,Ben Bates,70.43,2113,30
4, -,Olin Browne,70.44,3804,54
5, -,Steve Haskins,70.71,3960,56
6, -,Lee Chill,70.85,1842,26
7, -,Frank Conner,70.92,3688,52
8, -,John Ross,70.97,2697,38
T9, -,Beau Baugh,70.98,3336,47
T9, -,Dennis Trixler,70.98,3336,47
11, -,Esteban Toledo,71.02,3906,55
12, -,Tom Garner,71.04,3836,54
13, -,P.H. Horgan III,71.13,3841,54
14, -,John Riegger,71.17,1637,23
15, -,Jeff Gallagher,71.19,4129,58
16, -,Mitch Adcock,71.24,3847,54
17, -,Russell Beiersdorf,71.28,4134,58
18, -,Jeff Woodland,71.32,3566,50
19, -,Mike Miles,71.33,4137,58
T20, -,Stephen Ames,71.36,3140,44
T20, -,Greg Fleischer,71.36,2569,36
22, -,Doug Martin,71.37,4282,60
23, -,Kelly Gibson,71.38,2427,34
24, -,Steve Brodie,71.43,4000,56
25, -,Greg Kraft,71.48,4003,56
T26, -,Jerry Anderson,71.55,3935,55
T26, -,Rick Pearson,71.55,4150,58
28, -,Joey Rassett,71.59,2434,34
T29, -,Tom Eubank,71.69,3656,51
T29, -,Don Reese,71.69,2796,39
31, -,Steve Stricker,71.75,1722,24
32, -,Rob Boldt,71.76,4234,59
33, -,Hugh Royer III,71.78,2871,40
34, -,Andy Morse,71.79,3015,42
T35, -,Eric Hoos,71.83,3735,52
T35, -,Tommy Moore,71.83,1724,24
T37, -,Andy Dillard,71.88,2300,32
T37, -,Steve Lamontagne,71.88,2875,40
39, -,Pete Jordan,71.89,4026,56
40, -,Tim Loustalot,71.9,3739,52
T41, -,Jerry Foltz,71.93,4028,56
T41, -,Steve Rintoul,71.93,2877,40
T41, -,Gary Rusnak,71.93,4244,59
44, -,Ted Tryba,71.94,3885,54
T45, -,Kel Devlin,71.96,3742,52
T45, -,Ron Streck,71.96,1943,27
T47, -,Joe Durant,72.06,3891,54
T47, -,Kevin Sutherland,72.06,3747,52
49, -,David Jackson,72.07,3892,54
50, -,Paul Goydos,72.1,3605,50
51, -,Rick Smallridge,72.12,3678,51
52, -,Jim Carter,72.13,2164,30
53, -,Tommy Tolles,72.15,3391,47
54, -,Chris DiMarco,72.16,4041,56
55, -,Rick Dalpos,72.2,3610,50
56, -,Jeff Coston,72.21,3755,52
57, -,Tim Robyn,72.23,3467,48
58, -,Greg Petersen,72.24,3323,46
59, -,Jon Christian,72.25,3468,48
60, -,R.W. Eaks,72.26,3613,50
61, -,Roger Rowland,72.3,4049,56
62, -,Fred Wadsworth,72.31,3037,42
63, -,Bob Friend,72.37,4125,57
64, -,Jeff Cook,72.38,3836,53
65, -,Jaime Gomez,72.4,3620,50
66, -,Brad Greer,72.44,3984,55
67, -,Rick Todd,72.47,2464,34
T68, -,Danny Briggs,72.52,1813,25
T68, -,Dave Powell,72.52,2393,33
T68, -,Gary Webb,72.52,4061,56
71, -,Robert Wilkin,72.54,2974,41
72, -,Geoffrey Sisk,72.55,3047,42
T73, -,Brian Henninger,72.56,3918,54
T73, -,Wayne Player,72.56,2612,36
75, -,Jeff Leonard,72.59,3339,46
T76, -,Jeff Butler,72.63,2760,38
T76, -,Rocky Walcher,72.63,4358,60
T78, -,Jim Nelford,72.64,1816,25
T78, -,Alan Schulte,72.64,3051,42
80, -,Roger Salazar,72.67,3779,52
81, -,Gus Ulrich,72.73,3273,45
82, -,Jeff Klein,72.74,2255,31
83, -,Johnny Hammond,72.76,2110,29
84, -,Mike Holland,72.8,2912,40
85, -,Ray Pearce,72.83,3933,54
86, -,Hugh O'Neil,72.84,3569,49
87, -,Patrick Burke,72.85,2477,34
88, -,Greg Powers,72.86,2113,29
89, -,Bill Belk,72.92,1896,26
T90, -,David Delong,72.94,2480,34
T90, -,Bobby Schaeffer,72.94,3866,53
92, -,Kurt Beck,73,3066,42
93, -,Fran Quinn,73.02,3505,48
94, -,Olen Grant,73.05,3141,43
T95, -,Rich Parker,73.13,3364,46
T95, -,Mark Witt,73.13,2779,38
97, -,John Hughes,73.22,3368,46
98, -,Rich Bietz,73.36,2861,39
99, -,Doug Johnson,73.44,2350,32
100, -,Sean Pacetti,73.45,2424,33
101, -,Greg Hamilton,73.62,4270,58
102, -,John Elliott,73.74,2286,31
103, -,Mickey Yokoi,73.87,3841,52
T104, -,Ray Barr jr.,74,2516,34
T104, -,Chris Endres,74,2072,28
106, -,Dave Carich,74.4,3497,47
*1990,Ben Hogan El Paso Open,,,,
1, -,Jeff Maggert,70.09,3014,43
2, -,Greg Ladehoff,70.53,2680,38
3, -,Mike Miles,70.61,1977,28
4, -,John Daly,70.71,2475,35
5, -,Brian Watts,70.72,1768,25
T6, -,Dick Mast,70.85,2834,40
T6, -,Dennis Trixler,70.85,3330,47
8, -,Sam Randolph,71,2485,35
9, -,Stephen Ames,71.02,3338,47
T10, -,Brandel Chamblee,71.04,3978,56
T10, -,Ron Streck,71.04,1776,25
12, -,Roger Rowland,71.05,2984,42
13, -,Mark Trauner,71.13,2134,30
T14, -,Olin Browne,71.22,3846,54
T14, -,Rick Pearson,71.22,4131,58
T16, -,Ed Humenik,71.24,2992,42
T16, -,Jim McGovern,71.24,4132,58
18, -,Tom Lehman,71.31,2567,36
19, -,Tom Garner,71.32,2710,38
20, -,Steve Haskins,71.34,3995,56
21, -,Rick Smallridge,71.39,2713,38
22, -,Perry Arthur,71.43,3143,44
23, -,Don Reese,71.47,2287,32
24, -,Tray Tyner,71.49,3789,53
25, -,Ben Bates,71.5,4290,60
26, -,Andy Dillard,71.55,3148,44
27, -,Barry Cheesman,71.57,3793,53
28, -,Bob Friend,71.59,4152,58
29, -,Greg Whisman,71.61,3151,44
30, -,Brad Bell,71.69,1864,26
31, -,Marco Dawson,71.71,3227,45
32, -,Beau Baugh,71.74,3013,42
33, -,Greg Powers,71.78,2297,32
34, -,Alan T. Pate,71.79,3015,42
35, -,Kim Young,71.82,4094,57
36, -,Kelly Gibson,71.86,4024,56
37, -,Dicky Thompson,71.87,4312,60
T38, -,Scott Gump,71.95,4173,58
T38, -,Michael J. Walton,71.95,4173,58
40, -,R.W. Eaks,72.02,3457,48
41, -,Tim Loustalot,72.04,3458,48
42, -,Frank Conner,72.14,2020,28
T43, -,Karl Kimball,72.15,2814,39
T43, -,Rich Parker,72.15,3896,54
45, -,Robert L. Thompson,72.17,3825,53
46, -,Rick Dalpos,72.18,3609,50
47, -,John Kernohan,72.19,2599,36
48, -,Mike Putnam,72.2,3899,54
49, -,Gary Rusnak,72.22,2600,36
50, -,Jeff Thomsen,72.23,3106,43
51, -,Sean Pacetti,72.24,3901,54
52, -,Steve Brodie,72.26,4119,57
53, -,Eric Booker,72.28,4192,58
54, -,Jeff Cook,72.35,3979,55
55, -,Lee Chill,72.38,4198,58
56, -,Jim Schuman,72.45,4347,60
T57, -,Eric Hoos,72.46,3913,54
T57, -,Mike Springer,72.46,3623,50
59, -,Jeff Gallagher,72.48,4349,60
60, -,JC Anderson,72.5,3480,48
61, -,Andy Morse,72.51,3843,53
62, -,John Ross,72.53,4352,60
T63, -,John Flannery,72.63,3922,54
T63, -,Dan Pelczarski,72.63,3341,46
65, -,Tony Grimes,72.67,2616,36
T66, -,David Toms,72.69,3707,51
T66, -,Don Walsworth,72.69,3780,52
T68, -,Russell Beiersdorf,72.7,2690,37
T68, -,Eric Manning,72.7,4071,56
70, -,Charles Raulerson,72.74,3855,53
71, -,Brian Mogg,72.75,3492,48
72, -,Barry Fabyan,72.76,4220,58
73, -,Rick Cramer,72.81,2621,36
74, -,Mike Standly,72.82,4005,55
75, -,Scott Dunlap,72.84,2258,31
76, -,Esteban Toledo,73.02,4381,60
77, -,Tony Mollica,73.05,4164,57
78, -,Greg Fleischer,73.11,2705,37
79, -,Kevin Leach,73.12,4314,59
80, -,Jim Strickland,73.14,4096,56
81, -,Eddie Kirby,73.15,2414,33
82, -,Chris Kite,73.16,2268,31
83, -,Gary Pinns,73.18,3220,44
84, -,Hugh O'Neil,73.19,4245,58
85, -,Dale Fuller,73.23,3515,48
86, -,Mark Thaxton,73.28,2858,39
87, -,David Tentis,73.42,3304,45
88, -,Mark Jordan,73.45,3232,44
89, -,Brad Lardon,73.46,3379,46
90, -,Frank Edmonds,73.59,1987,27
T91, -,Roger Gunn,73.67,3536,48
T91, -,Cary Splane,73.67,3610,49
93, -,Steve Brady,73.7,4127,56
94, -,Kent Kluba,73.71,2580,35
95, -,Montie Watson,73.72,4276,58
96, -,Wes Weston,73.79,3542,48
97, -,Bob Makoski,73.86,2659,36
98, -,Jim Estes,73.87,3989,54
99, -,David Banks,74.02,3553,48
100, -,Joel Padfield,74.26,2302,31
101, -,Ray Freeman,74.46,2606,35
102, -,Scott Bess,74.47,2681,36
103, -,Jim Weeden,75.33,2260,30
104, -,Dwight Nevil,75.82,2578,34
