Steve Stricker,1991
Joe Durant,1991
Charley Hoffman,2000
Pat Perez,2000
Chris Riley,1998
Charlie Wi,1996
Chad Collins,2005
Spencer Levin,2008
Jonathan Byrd,2001
Brendon de Jonge,2004
Kevin Sutherland,1991
David Toms,1990
Bubba Watson,2003
Bill Haas,2005
Jim Furyk,1993
Briny Baird,1996
Aron Price,2006
Brandt Snedeker,2004
Ben Crane,2000
Tim Clark,1999
Chris Couch,1997
Chris DiMarco,1991
Matt Jones,2004
D.J. Trahan,2004
Nick Watney,2004
Jason Day,2007
Ryuji Imada,2000
John Rollins,1999
Jeff Quinney,2004
Ricky Barnes,2005
Chad Campbell,2001
J.J. Henry,1999
Michael Sim,2006
Brian Gay,1998
Michael Letzig,2007
Stephen Ames,1990
Alex Prugh,2008
Heath Slocum,1997
Stewart Cink,1996
Ryan Palmer,2003
Vaughn Taylor,2000
Shaun Micheel,1996
Zach Johnson,2003
Aaron Baddeley,2002
Mark Wilson,2002
Jason Bohn,2003
James Driscoll,2004
Scott Piercy,2008
Woody Austin,1994
Matt Every,2008
Blake Adams,2007
Brett Quigley,1992
Jarrod Lyle,2006
Garrett Willis,1997
John Merrick,2006
Tim Petrovic,1999
Kevin Stadler,2004
Jimmy Walker,2002
D.A. Points,2001
Jerry Kelly,1993
Robert Garrigus,2002
Martin Laird,2005
Marc Leishman,2008
Troy Matteson,2004
Josh Teater,2009
Camilo Villegas,2005
Tim Herron,1995
Chris Tidland,1996
Johnson Wagner,2003
Joe Ogilvie,1998
Steve Marino,2006
George McNeill,2003
Cameron Percy,2005
John Mallinger,2006
Troy Merritt,2009
Kris Blanks,2005
Lucas Glover,2002
Cliff Kresge,1997
Cameron Beckman,1997
Jeff Maggert,1990
Skip Kendall,1992
Omar Uresti,1993
Stuart Appleby,1995
Rod Pampling,2000
John Daly,1990
Jason Dufner,2001
Brenden Pappas,2001
Brian Stuard,2008
Nathan Green,2002
Mathew Goggin,1999
Paul Goydos,1991
Bill Lunde,2004
Matt Bettencourt,2004
Derek Lamely,2009
Garth Mulroy,2007
Roger Tambellini,2002
Roland Thatcher,2002
Brent Delahoussaye,2008
Steve Wheatcroft,2006
David Duval,1994
Steve Flesch,1997
Rich Barcelo,1999
Daniel Chopra,2002
Jeff Gove,1995
Craig Bowden,1996
Vance Veazey,1995
Justin Bolli,2004
Kevin Johnson,1996
Greg Kraft,1991
Harrison Frazar,1997
Tag Ridings,2002
Matt Weibring,2003
Scott Sterling,2002
Patrick Sheehan,2001
Bob Heintz,1999
Jeff Klauk,2002
David Mathis,2006
Casey Wittenberg,2008
Brad Adamonis,2002
Ken Duke,1995
Chez Reavie,2006
Colt Knost,2008
Jason Gore,1998
Kent Jones,1996
Darron Stiles,1997
Brian Bateman,1997
Rick Price,1999
Peter Tomasulo,2006
Marc Turnesa,2007
Parker McLachlin,2006
Brendon Todd,2008
Eric Axley,2005
Shane Bertsch,1995
Gavin Coles,2002
Tim Wilkinson,2005
Craig Kanada,1994
Frank Lickliter II,1995
Brad Elder,1999
Doug LaBelle II,2003
Marco Dawson,1990
Jim McGovern,1990
Jon Mills,2002
Nick Flanagan,2006
Tom Scherrer,1994
Ryan Armour,2004
Paul Claxton,1995
Bob Sowards,1998
Olin Browne,1990
Mark Hensby,1997
Richard Johnson,1999
Jin Park,2006
Kyle Thompson,2003
Travis Perkins,2006
Arron Oberholser,2002
Craig Lile,2003
Andrew Buckle,2006
Michael Putnam,2006
Jason Schultz,2001
Tripp Isenhour,1996
D.J. Brigman,2002
Scott Gutschewski,2003
Paul Gow,1997
Tom Johnson,2005
Jeff Brehaut,1993
Matt Hendrix,2006
David Branshaw,2002
Jim Rutledge,2001
Kyle Reifers,2006
Bubba Dickerson,2005
Bob May,1993
Jerry Smith,1999
Brent Geiberger,1995
Kris Cox,1999
David McKenzie,2001
Chris Smith,1995
Tjaart van der Walt,2000
Todd Fischer,2001
Danny Ellis,1996
Mike Sposa,1994
Doug Barron,1995
Ian Leggatt,2000
Wes Short jr,2002
Len Mattiace,1992
Ryan Hietala,1999
John Engler jr,2002
Joey Snyder III,1998
David Hearn,2004
Glen Hnatiuk,1992
Matt Gogel,1997
Michael Long,2000
Franklin Langham,1993
Chris Anderson,1998
John Elliott,1991
Craig Perks,1996
Notah Begay III,1998
Deane Pappas,1996
Bob Burns,1992
Pat Bates,1994
Tom Carter,2001
Tommy Tolles,1991
Mike Heinen,1993
Esteban Toledo,1990
Andre Stolz,2003
Guy Boros,1993
Kevin Muncrief,2003
David Gossett,2001
Brian Henninger,1991
Brent Schwarzrock,1998
Mike Grob,1999
John Maginnes,1994
Steven Alker,2002
Michael Clark II,1996
Dave Stockton jr,1993
Anthony Painter,1998
Jeff Klein,1991
David Berganio jr,1996
Matt Peterson,1992
Lee Porter,1992
Edward Fryatt,1995
Michael Muehr,1997
Brian Watts,1990
Pete Jordan,1991
Jason Hill,2001
Scott Dunlap,1990
Gary Nicklaus,1999
Brad Lardon,1990
Ted Tryba,1991
Brian Wilson,2000
Ben Bates,1990
Jimmy Green,1996
Doug Dunakey,1998
Kelly Grunewald,2000
Ben Ferguson,1999
Rocky Walcher,1991
Casey Martin,1998
Mike Springer,1990
Bob Friend,1990
Scott Gump,1990
Charles Raulerson,1990
Kelly Gibson,1990
Eric Booker,1990
Ryan Howison,1995
Doug Martin,1991
Ty Armstrong,1993
Jeff Gallagher,1990
Geoffrey Sisk,1991
Tim Loustalot,1990
Steve Jurgensen,1993
David Seawell,1997
R.W. Eaks,1990
Hugh Royer III,1991
Mike Small,1996
Mike Standly,1990
John Morse,1993
Jim Estes,1990
Bobby Gage,1995
Iain Steel,1997
Michael Christie,1995
Rafael Alarcon,1995
Allen Doyle,1995
Jack O'Keefe,1996
Eric Johnson,1995
Kevin Burton,1996
Taylor Smith,1992
Tray Tyner,1990
Charlie Rymer,1994
Gary Rusnak,1990
Joey Gullion,1994
Steve Rintoul,1991
Bruce Vaughan,1992
Dicky Thompson,1990
Bill Porter,1992
Jeff Leonard,1991
Steve Brodie,1990
Rob Boldt,1991
Jeff Woodland,1991
John Flannery,1990
Eddie Kirby,1990
Russell Beiersdorf,1990
Jaime Gomez,1991
Jeff Cook,1990
JC Anderson,1990
Marty Schiene,1992
Eddie Pearce,1992
David Delong,1991
John Ross,1990
Greg Whisman,1990
Brad Bell,1990
Fran Quinn,1991
Chris Kirk,2008
Roberto Castro,2010
Daniel Summerhays,2007
Jamie Lovemark,2010
Jeff Curl,2009
Jhonattan Vegas,2009
Kevin Chappell,2010
William McGirt,2010
Fabian Gomez,2007
Brendan Steele,2008
Brian Smock,2005
Andrew Svoboda,2010
Camilo Benedetti,2007
Kevin Kisner,2010
Jonas Blixt,2009
Zack Miller,2010
James Hahn,2010
Chris Nallen,2005
Rob Oppenheim,2010
Scott Gardiner,2005
Martin Piller,2009
Jim Herman,2008
Scott Brown,2010
Keegan Bradley,2010
Nate Smith,2010
Adam Meyer,2010
Steven Bowditch,2005
Bobby Gates,2010
Kyle Stanley,2010
Joe Affrunti,2010
Scott Stallings,2010
Travis Bertoni,2010
J.J. Killeen,2008
Gary Christian,1999
Justin Hicks,2007
Luke List,2010
Adam Bland,2009
Jason Enloe,2004
Chris Kamin,2005
Alistair Presnell,2010
Won Joon Lee,2008
Justin Peters,2010
John Kimbell,2007
Bradley Iles,2008
Dave Schultz,2008
Josh Broadaway,2003
Mark Anderson,2010
Trevor Murphy,2010
B.J. Staten,2007
Ty Harris,2010
Justin Smith,2007
Barrett Jarosch,2010
Dustin Risdon,2009
Miguel Angel Carballo,2007
Madalitso Muthiya,2010
Brice Garnett,2010
Garrett Osborn,2008
Aaron Watkins,2007
Brady Schnell,2010
Jesse Hutchins,2010
Bronson La'Cassie,2010
Sal Spallone,2007
Stephen Poole,2010
Brian Vranesh,2010
John Douma,2010
Ted Brown,2010
Bryan DeCorso,2008
Dan Buchner,2004
Ewan Porter,2005
Diego Vanegas,2010
Daniel Barbetti,2010
Julien Trudeau,2010
Bobby MacWhinnie,2010
Chris Baryla,2006
Oskar Bergman,2008
Scott Parel,2003
Michael Sims,2007
Brad Fritsch,2007
Keoke Cotner,2000
Allistair Presnell,2009
Dustin Bray,2007
Steve Friesen,2009
Bret Guetz,2008
Chad Ginn,1994
Steven Taylor,2009
Dustin White,2009
Major Manning,2009
Steve LeBrun,2005
Brennan Webb,2009
Ryan Cobb,2009
Drew Laning,2009
Andrew Johnson,2005
Seung-su Han,2009
Andrew Bonhomme,2008
Tee McCabe,2007
Joseph Sykora,2009
Randy Leen,2000
Chris Thompson,2007
Wade Ormsby,2008
Chris Parra,2008
Jon Rusk,2005
Reid Edstrom,2008
Jon Turcott,2007
Tim O'Neal,2001
Sebastian Fernandez,2008
Anders Hultman,2008
Josh McCumber,2008
Gibby Gilbert III,1999
Nick Malinowski,2006
Patrick Damron,2004
Brad Weesner,2008
Jonathan Fricke,2008
Tyler Williamson,2002
Brock Mackenzie,2007
Rob Bradley,2000
Kim Felton,2005
Lee Curry,2008
Darren Angel,2008
Scott Harrington,2004
Tyler Aldridge,2008
Scott Gordon,2008
Lee Williams,2007
Scott Weatherly,2005
Kevin Gessino-Kraft,2005
Boyd Summerhays,2007
Edward Loar,2007
Lee M. Williamson,2007
Zoran Zorkic,2000
Richard Swift,2007
Erik Compton,2002
Jeff Wood,2007
Bryn Parry,2007
Brad Ott,1996
Mike Capone,2007
Ramon Bescansa,2007
Joseph Alfieri,2005
Andrew Pratt,2006
Elliot Gealy,2007
Josh Williams,2007
Kyle McCarthy,2007
Curtis Malm,2007
Adam Riddering,2007
Ted Potter jr,2004
Jamie Broce,2005
Brad Klapprott,2001
Steve Collins,2006
Scott Petersen,1996
Joel Kribel,2002
Steve Larick,1996
Roberto Coceres,2006
Hiroshi Matsuo,2000
Steve Schneiter,1997
Andrew Dahl,2006
Ron Harvey jr,2006
Jeff Burns,2005
Paul Wackerly,2006
Kevin Durkin,2002
Joel Hendry,2006
Brett Bingham,2006
David Roesch,2006
Kyle Gallo,2006
James Oh,2004
Scott Ford,1995
Chad Wilfong,2005
Dave Christensen,2004
Chris Wollmann,2001
Jeff Freeman,1994
Nick Cassini,2003
Craig Carmichael,2005
Jaxon Brigman,1995
Doug Garwood,2002
Todd Pinneo,2005
Keith Huber,2004
Steve Pleis,2005
Steve Runge,1995
Sean Pacetti,1990
Andy Sanders,2002
Alan McLean,2005
Dave Cunningham,2004
Bryant Odom,2004
Ahmad Bateman,1997
Steve Ford,1992
Euan Walters,2004
Rafael Gomez,2004
Robin Byrd,1999
Andy Morse,1990
Kelly Sellers,2004
John Connelly,1995
Jody Bellflower,2000
Chris Sessler,2004
Chris Zambri,1997
Steve Haskins,1990
Richard Massey,2004
Jeff Street,2000
Andy Doeden,2004
Jake Reeves,2004
Rob McKelvey,1996
Warren Schutte,2000
Tony Carolan,2004
Han Lee,2002
Brian McCann,2004
Bobby Kalinowski,2001
Jeremy Wilkinson,2004
Victor Schwamkrug,2000
John Paul Curley,2003
Michael Harris,2004
John Restino,2002
Sung Man Lee,2001
Mark Walker,2001
Eric Meeks,1996
Rob McMillan,2001
Paul Dickinson,2003
Shane Tait,1998
Stiles Mitchell,1998
Kevin Pendley,2000
Terry Hatch,2003
Ron Ewing,1999
Todd Rose,2001
Chad Lydiatt,2003
Ken Tanigawa,2003
Oscar Serna,2001
Tommy Biershenk,2000
Patrick Moore,2002
Vic Wilk,1994
Chad Wright,2001
Greg Gregory,2000
Pete Morgan,2001
Billy Judah,2001
Todd Bailey,2002
James H. McLean,2002
Jace Bugg,2002
Grover Justice,2002
Brent Winston,2002
Michael Flynn,2002
David Dyer,2002
Todd Fanning,2002
Steve Holmes,2002
Joey Maxon,2002
Travis Williams,2002
Travis Nance,2002
Tom Kalinowski,2000
Mike Perez,2002
Andy Walker,2002
Wes Tuck,1999
John Kernohan,1990
Bud Still,1997
Scott Hebert,2001
David Kirkpatrick,1994
Robert Gaus,2001
Jay Hobby,1999
Jeff Sanday,2001
Jason Knutzon,2001
Rick Woodson,2001
John Patterson,2001
Mark W. Johnson,2001
Brian Hull,2001
Kuni Kuniyoshi,2001
Jamie Rogers,2001
Bobby Elliott,1996
Curtis Wangrud,2001
Brian Fogt,1995
Nick Napoleon,2001
Chris Starkjohann,1993
Ryan Vermeer,2001
Richard Smith,2001
Esteban Isasi,2001
David McCampbell,1998
Marco Gortana,1996
Greg Parker,1993
Steve Woods,1999
Lewis Chitengwa,2000
Angel Franco,2000
Rob Moss,1996
Roger Rowland,1990
Gary Webb,1991
Manny Zerman,2000
Chris Stutts,1998
Jim M. Johnson,1999
Dennis Zinkon,1996
Kevin Blanton,2000
Mike Emery Jr.,1994
Conrad Ray,1999
Andrew Price,2000
Chris Jorgensen,2000
Greg Sweatt,2000
Derrick Pursley,2000
Don Walsworth,1990
Patrick Lee,1996
Brad Ball,2000
Eric Rustand,2000
Ted Oh,1999
Christian Chernock,1999
Shane Supple,1997
Kevin Dillen,1999
Jason Tyska,1999
Ashley Chinner,1993
Mike Meehan,1999
Pat Nanney jr,1999
Darrett Brinker,1999
Craig Matthew,1999
Kevin Riley,1998
Steve Pope,1999
Brett Wayment,1999
Jerry Foltz,1991
Ren Budde,1999
Gary March,1999
Tom Silva,1999
Tony Bordwell,1999
Steven Young,1999
Dino Lucchesi,1996
Matthew Lane,1995
Jeff Barlow,1994
Karl Zoller,1993
Adam Spring,1998
Tom R. Shaw,1992
Jay C. Davis,1998
Michael Walton,1998
James Gilleon,1998
Billy Downes,1995
Ivan Smith,1998
Patrick Boyd,1998
David Wedzik,1998
Jon Levitt,1998
Robert Floyd,1998
Rodney Butcher,1998
Eric Bogar,1998
John Stone,1998
Trey Coker,1998
Jeff Fujimoto,1998
Joe Walsh,1998
Arden Knoll,1997
Todd Gleaton,1997
Terry Price,1997
Greg Towne,1992
Kevin Altenhof,1997
P.J. Cowan,1996
Joe Cioe,1995
Croy Cochran,1992
Dan Pelczarski,1990
Chris Winchip,1997
Dan Stone,1997
Harry Rudolph,1994
Richard Gilkey,1997
Jeff Thorsen,1997
John Johnson,1997
Jay Synkelma,1997
Barry Conser,1997
Chad Magee,1995
Eric Frishette,1997
Jeff Lee,1997
Rick Stallings,1997
Tom Kroll,1997
Bob Blean,1997
Fred Benton,1997
Tim Dunlavey,1996
Bobby Doolittle,1996
Rick Smallridge,1990
Eric Epperson,1996
Javier Sanchez,1996
Damon Green,1995
Greg Petersen,1991
Dustin Phillips,1996
Dean Larsson,1995
Christian Raynor,1996
Barry Fabyan,1990
Pat Fitzsimons,1996
Jon Hough,1995
Steve Novarro,1996
Jerry Wood,1996
Jack Steinicke,1996
Hicks Malonson,1992
Chris Patton,1993
Dave Miley,1992
Bill Malley,1995
Greg Hamilton,1991
Chris Hunsucker,1994
Kelly Mitchum,1995
Kelly Korleski,1995
Kevin Giancola,1995
Derek Gilchrist,1995
Marion Dantzler,1995
Tommy Masters,1995
Dennis Postlewait,1994
Tom Stankowski,1995
Mark Bucek,1995
Joe Hamorski,1994
Perry Parker,1993
Bobby Collins,1995
Mike Malizia,1995
Dave Benson,1995
Jim Schuman,1990
Tom Carr,1994
Roger Salazar,1991
Steve Isley,1993
Rich Parker,1990
Christian Pena,1994
Jade Work,1994
Brad King,1994
Ron Philo jr,1994
Ralph Howe III,1994
Chris Peddicord,1993
John Kennaday,1994
Dean Hiers,1994
Todd Parks,1994
Jorge Berendt,1994
Ricky Gonzalez,1994
Monte Scheinblum,1994
Alan T. Pate,1990
Jim Lemon,1994
Tad Holloway,1994
Brian K. Smith,1994
John Dal Corobbo,1994
Michael Sugar,1994
Jon Christian,1991
Eric Hoos,1990
Mike Foster,1992
John Hughes,1991
Keith Kulzer,1992
Louis Brown,1993
Chris Kaufman,1993
Brian Nelson,1993
Tom Harding,1993
George Mack,1993
Ron Stelten,1993
Michael Weeks,1993
Chris Rule,1993
Uly Grisette,1993
Scott Deserrano,1993
Angus Baker,1993
Roger Gunn,1990
David Plumb,1993
Chris Berens,1993
Todd Mudge,1993
Jason Griffith,1993
Alan Schulte,1991
Scott Williams,1992
Chris Cookson,1992
Christopher Gale,1992
Tim Straub,1992
Mark Trauner,1990
Jack Larkin,1992
Dave W. Bishop,1992
Joey Sadowski,1992
Todd Satterfield,1992
Bryan Wagner,1992
Mike Blewett,1992
John Hulbert,1992
Bob Lasken,1992
Aaron Meeks,1992
Donnie Massengale,1992
Chris T. Anderson,1992
Ray Pearce,1991
Charlie Whittington,1992
Olen Grant,1991
Eric Brito,1992
Dale Riley,1992
Bunky Henry,1992
Lee Chill,1990
Greg Fleischer,1990
Tim Robyn,1991
Kel Devlin,1991
Wayne Player,1991
Jeff Butler,1991
Dave Powell,1991
Robert Wilkin,1991
Bill Belk,1991
Johnny Hammond,1991
Hugh O'Neil,1990
Kurt Beck,1991
Gus Ulrich,1991
Mark Witt,1991
Rich Bietz,1991
Bobby Schaeffer,1991
Mickey Yokoi,1991
Chris Endres,1991
Dave Carich,1991
Michael J. Walton,1990
Jim Strickland,1990
Eric Manning,1990
Chris Kite,1990
Tony Mollica,1990
Dale Fuller,1990
David Tentis,1990
Mark Jordan,1990
Gary Pinns,1990
Kevin Leach,1990
Mark Thaxton,1990
Cary Splane,1990
Montie Watson,1990
Frank Edmonds,1990
Steve Brady,1990
Kent Kluba,1990
Wes Weston,1990
David Banks,1990
Bob Makoski,1990
Joel Padfield,1990
Scott Bess,1990
Ray Freeman,1990
Jim Weeden,1990
Dwight Nevil,1990
