Charley Hoffman,28
Brendon de Jonge,24
Bubba Watson,26
Brandt Snedeker,24
Bryce Molder,26
Matt Jones,25
D.J. Trahan,24
Nick Watney,24
Ryuji Imada,28
Jeff Quinney,26
Brett Wetterich,31
Boo Weekley,29
Charles Warren,29
James Driscoll,27
Kevin Stadler,25
Jimmy Walker,27
D.A. Points,28
Robert Garrigus,27
Troy Matteson,25
Chris Tidland,32
Johnson Wagner,25
Nathan Green,30
Mathew Goggin,30
Bill Lunde,29
Matt Bettencourt,30
Jeff Gove,33
Vance Veazey,39
Justin Bolli,29
Kevin Johnson,38
Scott Sterling,33
Bob Heintz,35
Jeff Klauk,27
Brad Adamonis,32
Jason Gore,31
Darron Stiles,30
Rick Price,37
Shane Bertsch,35
Gavin Coles,36
Todd Demsey,32
Brad Elder,30
Doug LaBelle II,30
Jon Mills,27
Tom Scherrer,34
Ryan Armour,29
Paul Claxton,37
Kyle Thompson,26
Craig Lile,28
Jason Schultz,32
Scott Gutschewski,28
Paul Gow,34
Jim Rutledge,45
David McKenzie,37
Mike Sposa,35
Doug Barron,35
Ryan Hietala,31
Hunter Haas,28
David Hearn,25
Michael Long,36
Franklin Langham,37
Chris Anderson,32
Jeff Hart,45
Bradley Hughes,38
John Elliott,41
Carl Paulson,34
Brent Schwarzrock,32
Steven Alker,33
Kenneth Staton,32
Jason Buha,30
Dave Stockton jr,36
Jason Caron,32
Anthony Painter,39
Ty Tryon,20
Lee Porter,38
Ben Bates,43
Gabriel Hjertstedt,33
Mike Springer,39
Scott Gump,39
Kelly Gibson,40
Ryan Howison,38
Jeff Gallagher,40
Gary Hallberg,46
John Morse,47
Bobby Gage,39
Mike Sullivan,50
Dave Rummells,47
Fran Quinn,40
Jason Enloe,31
Dan Buchner,31
Keoke Cotner,33
Patrick Damron,26
Tyler Williamson,32
Rob Bradley,30
Scott Harrington,24
Zoran Zorkic,38
Brad Ott,35
Ted Potter jr,21
Scott Petersen,34
Kevin Durkin,31
James Oh,22
Dave Christensen,28
Jeff Freeman,42
Nick Cassini,26
Doug Garwood,41
Keith Huber,39
Steve Runge,36
Dave Cunningham,36
Bryant Odom,25
Ahmad Bateman,43
Steve Ford,39
Euan Walters,34
Rafael Gomez,37
Robin Byrd,44
Andy Morse,46
Kelly Sellers,30
John Connelly,36
Jody Bellflower,35
Chris Sessler,35
Chris Zambri,34
Steve Haskins,46
Richard Massey,36
Jake Reeves,27
Rob McKelvey,35
Warren Schutte,33
Tony Carolan,36
Han Lee,27
Bobby Kalinowski,32
Victor Schwamkrug,27
John Paul Curley,32
Michael Harris,27
Charley Hoffman,29
Chad Collins,27
Brendon de Jonge,25
Bubba Watson,27
Bill Haas,23
Greg Chalmers,32
Brandt Snedeker,25
Bryce Molder,27
Chris Couch,33
Matt Jones,26
Jeff Quinney,27
Ricky Barnes,25
Boo Weekley,30
Garrett Willis,32
Robert Garrigus,28
Martin Laird,23
Troy Matteson,26
Camilo Villegas,24
Chris Tidland,33
Johnson Wagner,26
Cameron Percy,32
Kris Blanks,33
Cliff Kresge,37
Jason Dufner,29
Nathan Green,31
Mathew Goggin,31
Bill Lunde,30
Matt Bettencourt,31
Roger Tambellini,31
Rich Barcelo,30
Jeff Gove,34
Vance Veazey,40
Kevin Johnson,39
Greg Kraft,42
Matt Weibring,26
Scott Sterling,34
Jeff Klauk,28
Ken Duke,37
Jason Gore,32
Rick Price,38
Eric Axley,32
Shane Bertsch,36
Tim Wilkinson,27
Todd Demsey,33
Doug LaBelle II,31
Jim McGovern,41
Jon Mills,28
Tom Scherrer,35
Ryan Armour,30
Kyle Thompson,27
Craig Lile,29
Dicky Pride,36
Jason Schultz,33
Tripp Isenhour,38
Tom Johnson,24
David Branshaw,36
Jim Rutledge,46
Bubba Dickerson,25
Jerry Smith,42
Kris Cox,32
David McKenzie,38
Danny Ellis,35
Mike Sposa,36
Ryan Hietala,32
Deane Pappas,38
Pat Bates,36
Spike McRoy,38
Tom Carter,38
Mike Heinen,39
Esteban Toledo,43
Grant Waite,41
Dan Olsen,39
David Morland IV,37
Guy Boros,41
Brian Henninger,43
Brent Schwarzrock,33
Joel Edwards,44
Steven Alker,34
Michael Clark II,37
Kenneth Staton,33
Jason Buha,31
Jason Caron,33
Anthony Painter,40
Robin Freeman,47
Pete Jordan,41
Scott Dunlap,42
Willie Wood,45
Ben Bates,44
Gabriel Hjertstedt,34
Rick Fehr,43
Scott Gump,40
John Morse,48
Fran Quinn,41
Brian Smock,32
Chris Nallen,23
Scott Gardiner,29
Steven Bowditch,22
Jason Enloe,32
Chris Kamin,31
Ewan Porter,23
Keoke Cotner,34
Steve LeBrun,27
Andrew Johnson,33
Jon Rusk,26
Tim O'Neal,32
Tyler Williamson,33
Kim Felton,30
Scott Weatherly,27
Kevin Gessino-Kraft,34
Zoran Zorkic,39
Erik Compton,26
Joseph Alfieri,36
Jamie Broce,28
Scott Petersen,35
Joel Kribel,28
Steve Larick,41
Jeff Burns,31
Kevin Durkin,32
James Oh,23
Chad Wilfong,25
Dave Christensen,29
Chris Wollmann,30
Jeff Freeman,43
Nick Cassini,27
Craig Carmichael,34
Jaxon Brigman,34
Doug Garwood,42
Keith Huber,40
Steve Pleis,38
Steve Runge,37
Sean Pacetti,38
Andy Sanders,27
Alan McLean,35
Matt Kuchar,28
Charlie Wi,35
Chad Collins,28
Tom Gillis,38
Brendon de Jonge,26
Aron Price,25
Brandt Snedeker,26
Bryce Molder,28
Matt Jones,27
Jeff Quinney,28
Ricky Barnes,26
Michael Sim,22
Boo Weekley,31
Jarrod Lyle,25
Garrett Willis,33
John Merrick,25
Kevin Stadler,27
Chris Tidland,34
Johnson Wagner,27
Steve Marino,27
John Mallinger,27
Cliff Kresge,38
Jason Dufner,30
Brenden Pappas,37
Roland Thatcher,30
Steve Wheatcroft,29
Craig Bowden,38
Justin Bolli,31
Kevin Johnson,40
Matt Weibring,27
Bob Heintz,37
Jeff Klauk,29
Glen Day,41
David Mathis,33
Brad Adamonis,34
Ken Duke,38
Chez Reavie,25
Darron Stiles,32
Rick Price,39
Peter Tomasulo,25
Parker McLachlin,28
Gavin Coles,38
Tim Wilkinson,28
Craig Kanada,38
Brad Elder,32
Doug LaBelle II,32
Steve Allan,33
Jim McGovern,42
Nick Flanagan,22
Tom Scherrer,36
Ryan Armour,31
Paul Claxton,39
Richard Johnson,30
Jin Park,27
Jason Allred,27
Kyle Thompson,28
Travis Perkins,29
Craig Lile,30
Dicky Pride,37
Andrew Buckle,24
Michael Putnam,23
Tripp Isenhour,39
D.J. Brigman,31
Paul Gow,36
Tom Johnson,25
Matt Hendrix,26
Jim Rutledge,47
Kyle Reifers,23
Mario Tiziani,36
Hunter Haas,30
David Hearn,27
Glen Hnatiuk,45
Michael Long,38
Franklin Langham,39
Chris Anderson,34
Jeff Hart,47
Bradley Hughes,40
Danny Briggs,46
Notah Begay III,34
Deane Pappas,39
Tom Carter,39
Tommy Tolles,40
Mike Heinen,40
Esteban Toledo,44
Grant Waite,42
Dan Olsen,40
David Morland IV,38
David Sutherland,41
Brent Schwarzrock,34
Joel Edwards,45
Steven Alker,35
Jason Buha,32
Jason Caron,34
Anthony Painter,41
Robin Freeman,48
Scott Dunlap,43
Ben Bates,45
Mark Wiebe,49
Ryan Howison,40
Gary Hallberg,48
Fran Quinn,42
Chris Nallen,24
Scott Gardiner,30
Gary Christian,35
Jason Enloe,33
Josh Broadaway,28
Dan Buchner,33
Chris Baryla,24
Scott Parel,41
Keoke Cotner,35
Steve LeBrun,28
Andrew Johnson,34
Tim O'Neal,33
Nick Malinowski,31
Patrick Damron,28
Tyler Williamson,34
Kim Felton,31
Scott Weatherly,28
Kevin Gessino-Kraft,35
Zoran Zorkic,40
Erik Compton,27
Brad Ott,37
Joseph Alfieri,37
Jamie Broce,29
Brad Klapprott,37
Steve Collins,35
Scott Petersen,36
Joel Kribel,29
Steve Larick,42
Roberto Coceres,40
Hiroshi Matsuo,37
Steve Schneiter,43
Andrew Dahl,23
Ron Harvey jr,23
Jeff Burns,32
Kevin Durkin,33
Joel Hendry,28
Brett Bingham,31
David Roesch,32
Kyle Gallo,31
James Oh,24
Scott Ford,37
Chad Collins,29
Aron Price,26
Greg Chalmers,34
Matt Jones,28
Jason Day,20
Ricky Barnes,27
Michael Letzig,28
Jay Williamson,41
James Driscoll,30
Blake Adams,32
Garrett Willis,34
Jimmy Walker,30
D.A. Points,31
Martin Laird,25
Kris Blanks,35
Skip Kendall,43
Omar Uresti,39
Brenden Pappas,38
Henrik Bjornstad,29
Nicholas Thompson,25
Garth Mulroy,29
Roger Tambellini,33
Roland Thatcher,31
Vance Veazey,42
Justin Bolli,32
Greg Kraft,44
Tag Ridings,33
Matt Weibring,28
Scott Sterling,36
Patrick Sheehan,38
Jeff Klauk,30
David Mathis,34
Brad Adamonis,35
Chez Reavie,26
Rick Price,40
Peter Tomasulo,26
Marc Turnesa,30
John Riegger,44
Tim Wilkinson,29
Todd Demsey,35
Brad Elder,33
Jim McGovern,43
Jon Mills,30
Nick Flanagan,23
Tom Scherrer,37
Ron Whittaker,36
Paul Claxton,40
Richard Johnson,31
Jason Allred,28
Kyle Thompson,29
David McKenzie,40
Arjun Atwal,35
Chris Smith,39
Tjaart van der Walt,33
Todd Fischer,38
Danny Ellis,37
Matt Hansen,28
Ian Leggatt,42
Len Mattiace,40
Ryan Hietala,34
Mario Tiziani,37
Hunter Haas,31
David Hearn,28
Michael Long,39
Franklin Langham,40
Chris Anderson,35
Bradley Hughes,41
Danny Briggs,47
Deane Pappas,40
Bob Burns,40
Pat Bates,38
Steve Pate,46
Tom Carter,40
Tommy Tolles,41
Mike Heinen,41
Esteban Toledo,45
David Morland IV,39
Guy Boros,43
Kenneth Staton,35
Jason Caron,35
Phil Tataurangi,36
Robin Freeman,49
Scott Dunlap,44
Ben Bates,46
Gabriel Hjertstedt,36
Kelly Grunewald,39
Ryan Howison,41
David Ogrin,50
John Morse,50
Fran Quinn,43
Daniel Summerhays,24
Fabian Gomez,29
Brian Smock,34
Camilo Benedetti,28
Chris Nallen,25
Scott Gardiner,31
Steven Bowditch,24
Gary Christian,36
Justin Hicks,33
Jason Enloe,34
John Kimbell,38
Josh Broadaway,29
B.J. Staten,30
Justin Smith,25
Miguel Angel Carballo,28
Aaron Watkins,25
Sal Spallone,29
Chris Baryla,25
Scott Parel,42
Michael Sims,28
Brad Fritsch,30
Keoke Cotner,36
Dustin Bray,26
Andrew Johnson,35
Tee McCabe,30
Chris Thompson,31
Jon Turcott,27
Tim O'Neal,34
Brock Mackenzie,26
Kim Felton,32
Lee Williams,26
Scott Weatherly,29
Kevin Gessino-Kraft,36
Boyd Summerhays,28
Edward Loar,30
Lee M. Williamson,28
Zoran Zorkic,41
Erik Compton,28
Jeff Wood,29
Bryn Parry,36
Brad Ott,38
Mike Capone,31
Joseph Alfieri,38
Elliot Gealy,31
Kyle McCarthy,25
Curtis Malm,29
Adam Riddering,27
Ted Potter jr,24
Spencer Levin,24
Brendon de Jonge,28
Aron Price,27
Greg Chalmers,35
Bryce Molder,30
Ricky Barnes,28
Alex Prugh,24
Scott Piercy,30
Matt Every,25
Blake Adams,33
Jarrod Lyle,27
D.A. Points,32
Marc Leishman,25
Chris Tidland,36
Cameron Percy,35
Kris Blanks,36
Skip Kendall,44
Brian Stuard,26
Henrik Bjornstad,30
Bill Lunde,33
Matt Bettencourt,34
Greg Owen,37
Garth Mulroy,30
Roger Tambellini,34
Brent Delahoussaye,27
Steve Wheatcroft,31
Rich Barcelo,33
Craig Bowden,40
Vance Veazey,43
Kevin Johnson,42
Matt Weibring,29
Jeff Klauk,31
David Mathis,35
Casey Wittenberg,24
Colt Knost,23
Darron Stiles,34
Rick Price,41
Peter Tomasulo,27
Brendon Todd,23
Dicky Pride,39
Michael Putnam,25
Jason Schultz,36
Tripp Isenhour,41
D.J. Brigman,33
Scott Gutschewski,32
Paul Gow,38
Tom Johnson,27
Michael Boyd,33
Jeff Brehaut,45
David Branshaw,39
Jim Rutledge,49
Kyle Reifers,25
Bubba Dickerson,28
Bob May,40
Kris Cox,35
David McKenzie,41
Arjun Atwal,36
Chris Smith,40
Todd Fischer,39
Matt Hansen,29
Doug Barron,39
Ian Leggatt,43
Ryan Hietala,35
Hunter Haas,32
David Hearn,29
Chris Anderson,36
Bob Burns,41
Steve Pate,47
Tom Carter,41
Tommy Tolles,42
Esteban Toledo,46
Grant Waite,44
David Morland IV,40
Guy Boros,44
Scott Dunlap,45
Ben Bates,47
Gabriel Hjertstedt,37
Kelly Grunewald,40
Jeff Gallagher,44
Geoffrey Sisk,43
Fran Quinn,44
Chris Kirk,23
Daniel Summerhays,25
Fabian Gomez,30
Brendan Steele,25
Brian Smock,35
Camilo Benedetti,29
Chris Nallen,26
Scott Gardiner,32
Jim Herman,31
Steven Bowditch,25
J.J. Killeen,27
Gary Christian,37
Justin Hicks,34
Jason Enloe,35
Won Joon Lee,23
John Kimbell,39
Bradley Iles,25
Dave Schultz,26
Josh Broadaway,30
B.J. Staten,31
Miguel Angel Carballo,29
Garrett Osborn,24
Bryan DeCorso,37
Ewan Porter,26
Oskar Bergman,31
Scott Parel,43
Brad Fritsch,31
Keoke Cotner,37
Dustin Bray,27
Bret Guetz,30
Chad Ginn,38
Andrew Johnson,36
Andrew Bonhomme,36
Tee McCabe,31
Randy Leen,33
Chris Thompson,32
Wade Ormsby,28
Chris Parra,32
Jon Rusk,29
Reid Edstrom,34
Jon Turcott,28
Tim O'Neal,35
Sebastian Fernandez,35
Anders Hultman,29
Josh McCumber,32
Gibby Gilbert III,43
Nick Malinowski,33
Patrick Damron,30
Brad Weesner,33
Jonathan Fricke,26
Tyler Williamson,36
Brock Mackenzie,27
Rob Bradley,34
Kim Felton,33
Lee Curry,30
Darren Angel,31
Scott Harrington,28
Tyler Aldridge,24
Scott Gordon,27
Chad Collins,31
Tom Gillis,41
Michael Sim,25
Alex Prugh,25
Matt Every,26
Blake Adams,34
Garrett Willis,36
Josh Teater,31
Chris Tidland,37
Cameron Percy,36
Troy Merritt,24
Skip Kendall,45
Omar Uresti,41
Brenden Pappas,40
Brian Stuard,27
Henrik Bjornstad,31
Derek Lamely,29
Garth Mulroy,31
Roger Tambellini,35
Brent Delahoussaye,28
Steve Wheatcroft,32
Rich Barcelo,34
Jeff Gove,38
Craig Bowden,41
Vance Veazey,44
Justin Bolli,34
Kevin Johnson,43
Patrick Sheehan,40
Tommy Gainey,34
Gavin Coles,41
John Riegger,46
Craig Kanada,41
Todd Demsey,37
Brad Elder,35
Doug LaBelle II,35
Marco Dawson,46
Jim McGovern,45
Jon Mills,32
Tom Scherrer,39
Ron Whittaker,38
Ryan Armour,34
Paul Claxton,42
Bob Sowards,41
Jin Park,30
Kyle Thompson,31
Craig Barlow,37
Andrew Buckle,27
Michael Putnam,26
Jason Schultz,37
Tripp Isenhour,42
D.J. Brigman,34
Paul Gow,39
Jeff Brehaut,46
David Branshaw,40
Jim Rutledge,50
Kyle Reifers,26
Bubba Dickerson,29
Bob May,41
David McKenzie,42
Tjaart van der Walt,35
Robert Damron,37
Ian Leggatt,44
J.L. Lewis,49
Len Mattiace,42
Ryan Hietala,36
Alex Aragon,31
Hunter Haas,33
David Hearn,30
Chris Anderson,37
Bob Burns,42
Jay Delsing,49
Esteban Toledo,47
Grant Waite,45
David Morland IV,41
Guy Boros,45
Steven Alker,38
Michael Clark II,41
Phil Tataurangi,38
Scott Dunlap,46
Willie Wood,49
Ben Bates,48
Trevor Dodds,50
Jeff Gallagher,45
Geoffrey Sisk,44
Fran Quinn,45
Chris Kirk,24
Daniel Summerhays,26
Jeff Curl,31
Jhonattan Vegas,25
Fabian Gomez,31
Brendan Steele,26
Brian Smock,36
Camilo Benedetti,30
Jonas Blixt,25
Chris Nallen,27
Scott Gardiner,33
Martin Piller,24
Jim Herman,32
Steven Bowditch,26
J.J. Killeen,28
Gary Christian,38
Justin Hicks,35
Adam Bland,27
Jason Enloe,36
Won Joon Lee,24
John Kimbell,40
Bradley Iles,26
Dave Schultz,27
Josh Broadaway,31
B.J. Staten,32
Dustin Risdon,28
Miguel Angel Carballo,30
Garrett Osborn,25
Sal Spallone,31
Bryan DeCorso,38
Chris Baryla,27
Oskar Bergman,32
Scott Parel,44
Michael Sims,30
Brad Fritsch,32
Keoke Cotner,38
Allistair Presnell,30
Dustin Bray,28
Steve Friesen,32
Bret Guetz,31
Chad Ginn,39
Steven Taylor,24
Dustin White,28
Major Manning,25
Steve LeBrun,31
Brennan Webb,35
Ryan Cobb,29
Drew Laning,26
Andrew Johnson,37
Seung-su Han,23
Andrew Bonhomme,37
Tee McCabe,32
Joseph Sykora,25
Tag Ridings,36
Scott Sterling,39
Patrick Sheehan,41
Tommy Gainey,35
David Mathis,37
Casey Wittenberg,26
Brad Adamonis,38
Jonathan Kaye,40
Ken Duke,42
Colt Knost,25
Jason Gore,37
Kent Jones,44
Darron Stiles,36
Brian Bateman,38
Gary Woodland,27
Rick Price,43
Peter Tomasulo,29
Leif Olson,29
Matthew Borchert,34
Gavin Coles,42
John Riegger,47
Frank Lickliter II,41
Todd Demsey,38
Brad Elder,36
Doug LaBelle II,36
Marco Dawson,47
Brandt Jobe,45
Jon Mills,33
Nick Flanagan,26
Ron Whittaker,39
Ryan Armour,35
Paul Claxton,43
Mark Hensby,38
Jin Park,31
Stephen Leaney,42
Kyle Thompson,32
Craig Barlow,38
Dicky Pride,41
Andrew Buckle,28
Michael Putnam,27
D.J. Brigman,35
Scott Gutschewski,34
Jeff Brehaut,47
David Branshaw,41
Kyle Reifers,27
Bubba Dickerson,30
Bob May,42
David McKenzie,43
Tjaart van der Walt,36
Todd Fischer,41
Ryan Hietala,37
Hunter Haas,34
David Hearn,31
Jay Delsing,50
Steve Pate,49
Esteban Toledo,48
Steven Alker,39
Michael Clark II,42
Phil Tataurangi,39
Scott Dunlap,47
Kelly Grunewald,42
Jeff Gallagher,46
Geoffrey Sisk,45
Chris Kirk,25
Roberto Castro,25
Daniel Summerhays,27
Jamie Lovemark,22
Jeff Curl,32
Jhonattan Vegas,26
Kevin Chappell,24
William McGirt,31
Fabian Gomez,32
Brendan Steele,27
Brian Smock,37
Andrew Svoboda,31
Camilo Benedetti,31
Kevin Kisner,26
Jonas Blixt,26
Zack Miller,26
James Hahn,29
Chris Nallen,28
Rob Oppenheim,30
Scott Gardiner,34
Martin Piller,25
Jim Herman,33
Scott Brown,27
Keegan Bradley,24
Nate Smith,27
Adam Meyer,28
Steven Bowditch,27
Bobby Gates,25
Kyle Stanley,23
Joe Affrunti,29
Scott Stallings,25
Travis Bertoni,26
J.J. Killeen,29
Gary Christian,39
Justin Hicks,36
Luke List,25
Adam Bland,28
Jason Enloe,37
Chris Kamin,36
Alistair Presnell,31
Won Joon Lee,25
Justin Peters,33
John Kimbell,41
Bradley Iles,27
Dave Schultz,28
Josh Broadaway,32
Mark Anderson,24
Trevor Murphy,26
B.J. Staten,33
Ty Harris,28
Justin Smith,28
Barrett Jarosch,27
Dustin Risdon,29
Miguel Angel Carballo,31
Madalitso Muthiya,27
Brice Garnett,27
Garrett Osborn,26
Aaron Watkins,28
Brady Schnell,25
Jesse Hutchins,28
Bronson La'Cassie,27
Sal Spallone,32
Stephen Poole,27
Brian Vranesh,33
John Douma,36
Ted Brown,31
Bryan DeCorso,39
Dan Buchner,37
Ewan Porter,28
Diego Vanegas,34
Daniel Barbetti,28
Julien Trudeau,29
Bobby MacWhinnie,28
