Matt Kuchar,26
Dean Wilson,35
Steve Stricker,38
Joe Durant,41
Justin Rose,24
Retief Goosen,36
Charles Howell III,25
Steve Elkington,42
Kevin Na,21
Pat Perez,29
Chris Riley,31
Bo Van Pelt,30
Jonathan Byrd,27
Kevin Sutherland,40
Fredrik Jacobson,30
David Toms,38
Luke Donald,27
Briny Baird,33
Greg Chalmers,31
Ben Crane,29
Tim Clark,29
Carl Pettersson,27
Phil Mickelson,34
Chris Couch,32
Chris DiMarco,36
Ernie Els,35
John Senden,34
K.J. Choi,35
John Rollins,29
Chad Campbell,30
J.J. Henry,30
Brian Gay,33
Stephen Ames,41
J.P. Hayes,39
Robert Allenby,33
Scott McCarron,39
Heath Slocum,31
Stewart Cink,32
Ryan Palmer,28
Vaughn Taylor,29
Shaun Micheel,36
Zach Johnson,29
Aaron Baddeley,24
Justin Leonard,32
Jay Williamson,38
Mark Wilson,30
Jason Bohn,32
Hunter Mahan,23
Woody Austin,41
Brett Quigley,35
Vijay Singh,42
Tim Petrovic,38
Bob Estes,39
Jerry Kelly,38
Geoff Ogilvy,27
Lee Janzen,40
Davis Love III,41
Adam Scott,24
Kenny Perry,44
Tim Herron,35
Joe Ogilvie,31
Ben Curtis,27
Billy Mayfair,38
Lucas Glover,25
Cliff Kresge,36
Scott Verplank,40
Cameron Beckman,35
Rocco Mediate,42
Jeff Maggert,41
Skip Kendall,40
Omar Uresti,36
Stuart Appleby,34
Rory Sabbatini,29
Rod Pampling,35
John Daly,39
Jason Dufner,28
Brenden Pappas,35
Alex Cejka,34
Mathias Gronberg,35
Roger Tambellini,30
Roland Thatcher,28
Sergio Garcia,25
Steve Flesch,37
Ted Purdy,31
Rich Barcelo,29
Mike Weir,35
Daniel Chopra,31
Steve Lowery,44
Craig Bowden,36
Mark Calcavecchia,44
Brad Faxon,43
Tiger Woods,29
Harrison Frazar,33
Tag Ridings,30
Corey Pavin,45
Patrick Sheehan,35
Michael Allen,46
Fred Couples,45
Rich Beem,34
Glen Day,39
Tommy Armour III,45
Kirk Triplett,43
Mark Brooks,44
Jonathan Kaye,34
Ken Duke,36
Bart Bryant,42
Kent Jones,38
Peter Lonard,37
Todd Hamilton,39
Tom Lehman,46
Brian Bateman,32
Bob Tway,46
John Huston,43
Dudley Hart,36
John Riegger,41
Carlos Franco,39
Frank Lickliter II,35
Jesper Parnevik,40
Steve Allan,31
Robert Gamez,36
Shigeki Maruyama,35
Olin Browne,46
Mark Hensby,32
Billy Andrade,41
Stephen Leaney,36
Arron Oberholser,30
Jose Coceres,41
Craig Barlow,32
Dicky Pride,35
Fred Funk,48
Duffy Waldorf,42
Tripp Isenhour,37
D.J. Brigman,29
Joey Sindelar,47
Jeff Brehaut,41
Tom Byrum,44
David Branshaw,35
Jeff Sluman,47
Jose Maria Olazabal,39
Brent Geiberger,36
Paul Azinger,45
John Cook,47
Bernhard Langer,47
Kris Cox,31
Arjun Atwal,32
Chris Smith,36
Todd Fischer,35
Robert Damron,32
Danny Ellis,34
J.L. Lewis,44
Mark O'Meara,48
Len Mattiace,37
Hidemichi Tanaka,34
Loren Roberts,49
Dan Forsman,46
Neal Lancaster,42
Matt Gogel,34
Jay Haas,51
Hank Kuehne,29
Danny Briggs,44
Dennis Paulson,42
Craig Perks,38
Darren Clarke,36
Scott Hoch,49
David Peoples,45
Notah Begay III,32
Nick Price,48
Deane Pappas,37
Russ Cochran,46
Bob Burns,37
Pat Bates,35
Jay Delsing,44
Steve Pate,43
Scott Simpson,49
David Frost,45
Spike McRoy,37
Tom Carter,37
Tommy Tolles,38
Mike Heinen,38
Esteban Toledo,42
Craig Parry,39
Gene Sauers,42
Grant Waite,40
Blaine McCallister,46
Dan Olsen,38
Niclas Fasth,33
Andre Stolz,35
David Morland IV,36
Guy Boros,40
Hirofumi Miyase,34
Kevin Muncrief,28
David Gossett,26
Matt Kuchar,27
Dean Wilson,36
Steve Stricker,39
Joe Durant,42
Justin Rose,25
Retief Goosen,37
Charles Howell III,26
Steve Elkington,43
Kevin Na,22
Pat Perez,30
Chris Riley,32
Charlie Wi,34
Bo Van Pelt,31
Tom Gillis,37
Jonathan Byrd,28
Kevin Sutherland,41
Fredrik Jacobson,31
David Toms,39
Jim Furyk,36
Luke Donald,28
Briny Baird,34
Ben Crane,30
Tim Clark,30
Carl Pettersson,28
Phil Mickelson,35
Chris DiMarco,37
D.J. Trahan,25
John Senden,35
K.J. Choi,36
Nick Watney,25
Ryuji Imada,29
John Rollins,30
Brett Wetterich,32
Chad Campbell,31
J.J. Henry,31
Brian Gay,34
Stephen Ames,42
J.P. Hayes,40
Robert Allenby,34
Scott McCarron,40
Charles Warren,30
Heath Slocum,32
Stewart Cink,33
Ryan Palmer,29
Vaughn Taylor,30
Shaun Micheel,37
Zach Johnson,30
Aaron Baddeley,25
Justin Leonard,33
Jay Williamson,39
Mark Wilson,31
Jason Bohn,33
James Driscoll,28
Hunter Mahan,24
Woody Austin,42
Brett Quigley,36
Vijay Singh,43
Will MacKenzie,31
Tim Petrovic,39
Bob Estes,40
Kevin Stadler,26
Padraig Harrington,34
Sean O'Hair,23
D.A. Points,29
Jerry Kelly,39
Geoff Ogilvy,28
Lee Janzen,41
Davis Love III,42
Adam Scott,25
Kenny Perry,45
Tim Herron,36
Joe Ogilvie,32
Ben Curtis,28
Billy Mayfair,39
Lucas Glover,26
Scott Verplank,41
Cameron Beckman,36
Rocco Mediate,43
Jeff Maggert,42
Skip Kendall,41
Omar Uresti,37
Brian Davis,31
Stuart Appleby,35
Rory Sabbatini,30
Rod Pampling,36
John Daly,40
Brenden Pappas,36
Alex Cejka,35
Mathias Gronberg,36
Greg Owen,34
Roland Thatcher,29
Ian Poulter,30
Sergio Garcia,26
Steve Flesch,38
Ted Purdy,32
Mike Weir,36
Daniel Chopra,32
Steve Lowery,45
Mark Calcavecchia,45
Justin Bolli,30
Brad Faxon,44
Tiger Woods,30
Harrison Frazar,34
Tag Ridings,31
Corey Pavin,46
Patrick Sheehan,36
Bob Heintz,36
Michael Allen,47
Fred Couples,46
Rich Beem,35
Glen Day,40
Tommy Armour III,46
Kirk Triplett,44
Mark Brooks,45
Jonathan Kaye,35
Bart Bryant,43
Kent Jones,39
Peter Lonard,38
Darron Stiles,31
Todd Hamilton,40
Tom Lehman,47
Brian Bateman,33
Bob Tway,47
John Huston,44
Gavin Coles,37
Dudley Hart,37
Carlos Franco,40
Frank Lickliter II,36
Jesper Parnevik,41
Steve Allan,32
Marco Dawson,42
Brandt Jobe,40
Robert Gamez,37
Paul Claxton,38
Shigeki Maruyama,36
Olin Browne,47
Mark Hensby,33
Jason Allred,26
Billy Andrade,42
Stephen Leaney,37
Arron Oberholser,31
Jose Coceres,42
Craig Barlow,33
Fred Funk,49
Duffy Waldorf,43
D.J. Brigman,30
Scott Gutschewski,29
Joey Sindelar,48
Paul Gow,35
Jeff Brehaut,42
Tom Byrum,45
Jeff Sluman,48
Jose Maria Olazabal,40
Brent Geiberger,37
Paul Azinger,46
John Cook,48
Bernhard Langer,48
Arjun Atwal,33
Chris Smith,37
Tjaart van der Walt,31
Todd Fischer,36
Robert Damron,33
Steve Jones,47
Larry Mize,47
Doug Barron,36
J.L. Lewis,45
Thomas Levet,37
Mark O'Meara,49
Len Mattiace,38
Hidemichi Tanaka,35
Loren Roberts,50
Dan Forsman,47
Phillip Price,39
Neal Lancaster,43
Joey Snyder III,32
Mario Tiziani,35
Hunter Haas,29
Brendan Jones,31
David Hearn,26
Glen Hnatiuk,44
Matt Gogel,35
Michael Long,37
Franklin Langham,38
Lee Westwood,33
Chris Anderson,33
Andrew Magee,43
Bill Glasson,46
Jay Haas,52
Jeff Hart,46
Bradley Hughes,39
Hank Kuehne,30
Danny Briggs,45
Jim Carter,44
Dennis Paulson,43
Hideto Tanihara,27
John Elliott,42
Craig Perks,39
Dean Wilson,37
Steve Stricker,40
Paul Stankowski,37
Joe Durant,43
Justin Rose,26
Charley Hoffman,30
Retief Goosen,38
Charles Howell III,27
Steve Elkington,44
Pat Perez,31
Chris Riley,33
Bo Van Pelt,32
Jonathan Byrd,29
Kevin Sutherland,42
Fredrik Jacobson,32
David Toms,40
Bubba Watson,28
Bill Haas,24
J.B. Holmes,25
Jim Furyk,37
Luke Donald,29
Briny Baird,35
Greg Chalmers,33
Ben Crane,31
Tim Clark,31
Carl Pettersson,29
Phil Mickelson,36
Jeff Overton,23
Chris Couch,34
Chris DiMarco,38
Ernie Els,37
D.J. Trahan,26
John Senden,36
K.J. Choi,37
Nick Watney,26
Ryuji Imada,30
John Rollins,31
Brett Wetterich,33
Chad Campbell,32
J.J. Henry,32
Brian Gay,35
Stephen Ames,43
J.P. Hayes,41
Robert Allenby,35
Charles Warren,31
Heath Slocum,33
Stewart Cink,34
Ryan Palmer,30
Vaughn Taylor,31
Shaun Micheel,38
Zach Johnson,31
Aaron Baddeley,26
Justin Leonard,34
Mark Wilson,32
Jason Bohn,34
James Driscoll,29
Hunter Mahan,25
Woody Austin,43
Ryan Moore,24
Brett Quigley,37
Vijay Singh,44
Will MacKenzie,32
Tim Petrovic,40
Bob Estes,41
Jimmy Walker,29
Padraig Harrington,35
Sean O'Hair,24
D.A. Points,30
Jerry Kelly,40
Geoff Ogilvy,29
Lee Janzen,42
Davis Love III,43
Robert Garrigus,29
Troy Matteson,27
Adam Scott,26
Kenny Perry,46
Camilo Villegas,25
Tim Herron,37
Joe Ogilvie,33
Ben Curtis,29
Billy Mayfair,40
Lucas Glover,27
Scott Verplank,42
Jeff Maggert,43
Skip Kendall,42
Omar Uresti,38
Brian Davis,32
Stuart Appleby,36
Rory Sabbatini,31
Rod Pampling,37
John Daly,41
Henrik Bjornstad,28
Nathan Green,32
Alex Cejka,36
Mathew Goggin,32
Paul Goydos,42
Mathias Gronberg,37
Trevor Immelman,27
Nicholas Thompson,24
Greg Owen,35
Roger Tambellini,32
Ian Poulter,31
Sergio Garcia,27
David Duval,35
Steve Flesch,39
Ted Purdy,33
Mike Weir,37
Daniel Chopra,33
Steve Lowery,46
Jeff Gove,35
Mark Calcavecchia,46
Vance Veazey,41
Brad Faxon,45
Greg Kraft,43
Tiger Woods,31
Harrison Frazar,35
Tag Ridings,32
Corey Pavin,47
Patrick Sheehan,37
Michael Allen,48
Fred Couples,47
Rich Beem,36
Tommy Armour III,47
Kirk Triplett,45
Mark Brooks,46
Jonathan Kaye,36
Bart Bryant,44
Jason Gore,33
Kent Jones,40
Peter Lonard,39
Todd Hamilton,41
Tom Lehman,48
Brian Bateman,34
Eric Axley,33
Bob Tway,48
John Huston,45
Shane Bertsch,37
Dudley Hart,38
Carlos Franco,41
Frank Lickliter II,37
Jesper Parnevik,42
Marco Dawson,43
Brandt Jobe,41
Jon Mills,29
Robert Gamez,38
Ron Whittaker,35
Shigeki Maruyama,37
Olin Browne,48
Billy Andrade,43
Stephen Leaney,38
Arron Oberholser,32
Craig Barlow,34
Fred Funk,50
Duffy Waldorf,44
Daisuke Maruyama,36
Jason Schultz,34
Scott Gutschewski,30
Joey Sindelar,49
Jeff Brehaut,43
David Branshaw,37
Jeff Sluman,49
Bubba Dickerson,26
Jose Maria Olazabal,41
Bob May,38
Jerry Smith,43
Brent Geiberger,38
Paul Azinger,47
John Cook,49
Bernhard Langer,49
Kris Cox,33
David McKenzie,39
Arjun Atwal,34
Chris Smith,38
Tjaart van der Walt,32
Todd Fischer,37
Robert Damron,34
Danny Ellis,36
David Howell,31
Matt Hansen,27
Steve Jones,48
Larry Mize,48
Mike Sposa,37
Doug Barron,37
Ian Leggatt,41
J.L. Lewis,46
Thomas Levet,38
Wes Short jr,43
Mark O'Meara,50
Len Mattiace,39
Ryan Hietala,33
John Engler jr,28
Alex Aragon,28
Hidemichi Tanaka,36
Matt Kuchar,29
Dean Wilson,38
Steve Stricker,41
Paul Stankowski,38
Joe Durant,44
Justin Rose,27
Charley Hoffman,31
Retief Goosen,39
Charles Howell III,28
Steve Elkington,45
Kevin Na,24
Pat Perez,32
Chris Riley,34
Charlie Wi,36
Bo Van Pelt,33
Jonathan Byrd,30
Brendon de Jonge,27
Kevin Sutherland,43
Fredrik Jacobson,33
David Toms,41
Bubba Watson,29
Bill Haas,25
J.B. Holmes,26
Jim Furyk,38
Luke Donald,30
Briny Baird,36
Brandt Snedeker,27
Tim Clark,32
Carl Pettersson,30
Phil Mickelson,37
Jeff Overton,24
Bryce Molder,29
Chris Couch,35
Chris DiMarco,39
Ernie Els,38
D.J. Trahan,27
John Senden,37
K.J. Choi,38
Nick Watney,27
Ryuji Imada,31
John Rollins,32
Jeff Quinney,29
Brett Wetterich,34
Chad Campbell,33
J.J. Henry,33
Michael Sim,23
Boo Weekley,32
Brian Gay,36
Stephen Ames,44
J.P. Hayes,42
Robert Allenby,36
Charles Warren,32
Heath Slocum,34
Stewart Cink,35
Ryan Palmer,31
Vaughn Taylor,32
Shaun Micheel,39
Zach Johnson,32
Aaron Baddeley,27
Justin Leonard,35
Jay Williamson,41
Mark Wilson,33
Jason Bohn,35
Hunter Mahan,26
Woody Austin,44
Chris Stroud,26
Ryan Moore,25
Brett Quigley,38
Vijay Singh,45
Jarrod Lyle,26
Will MacKenzie,33
John Merrick,26
Tim Petrovic,41
Bob Estes,42
Kevin Stadler,28
Padraig Harrington,36
Sean O'Hair,25
Jerry Kelly,41
Geoff Ogilvy,30
Lee Janzen,43
Davis Love III,44
Robert Garrigus,30
Troy Matteson,28
Adam Scott,27
Kenny Perry,47
Camilo Villegas,26
Tim Herron,38
Chris Tidland,35
Johnson Wagner,28
Joe Ogilvie,34
Ben Curtis,30
Billy Mayfair,41
Steve Marino,28
George McNeill,32
John Mallinger,28
Lucas Glover,28
Cliff Kresge,39
Scott Verplank,43
Cameron Beckman,38
Rocco Mediate,45
Jeff Maggert,44
Brian Davis,33
Stuart Appleby,37
Rory Sabbatini,32
Rod Pampling,38
John Daly,42
Jason Dufner,31
Nathan Green,33
Alex Cejka,37
Mathew Goggin,33
Paul Goydos,43
Mathias Gronberg,38
Trevor Immelman,28
Greg Owen,36
Ian Poulter,32
Sergio Garcia,28
Steve Wheatcroft,30
Steve Flesch,40
Ted Purdy,34
Rich Barcelo,32
Mike Weir,38
Daniel Chopra,34
Steve Lowery,47
Jeff Gove,36
Craig Bowden,39
Mark Calcavecchia,47
Tiger Woods,32
Harrison Frazar,36
Tag Ridings,33
Corey Pavin,48
Bob Heintz,38
Anthony Kim,22
Michael Allen,49
Nick O'Hern,36
Rich Beem,37
Glen Day,42
Tommy Armour III,48
Kirk Triplett,46
Mark Brooks,47
Ken Duke,39
Bart Bryant,45
Jason Gore,34
Kent Jones,41
Peter Lonard,40
Darron Stiles,33
Todd Hamilton,42
Tom Lehman,49
Brian Bateman,35
Parker McLachlin,29
Eric Axley,34
Bob Tway,49
Gavin Coles,39
Craig Kanada,39
Frank Lickliter II,38
Jesper Parnevik,43
Doug LaBelle II,33
Steve Allan,34
Marco Dawson,44
Robert Gamez,39
Ryan Armour,32
Shigeki Maruyama,38
Mark Hensby,35
Billy Andrade,44
Stephen Leaney,39
Arron Oberholser,33
Jose Coceres,44
Craig Barlow,35
Craig Lile,31
Dicky Pride,38
Fred Funk,51
Andrew Buckle,25
Michael Putnam,24
Duffy Waldorf,45
Daisuke Maruyama,37
Jason Schultz,35
Anders Hansen,37
Tripp Isenhour,40
D.J. Brigman,32
Scott Gutschewski,31
Joey Sindelar,50
Paul Gow,37
Tom Johnson,26
Michael Boyd,32
Jeff Brehaut,44
Tom Byrum,47
Matt Hendrix,27
Henrik Stenson,32
David Branshaw,38
Jim Rutledge,48
Jaco Van Zyl,29
Kyle Reifers,24
Jeff Sluman,50
Bubba Dickerson,27
Jose Maria Olazabal,42
Matt Kuchar,30
Dean Wilson,39
Steve Stricker,42
Joe Durant,45
Paul Casey,31
Charley Hoffman,32
Retief Goosen,40
Charles Howell III,29
Steve Elkington,46
Kevin Na,25
Pat Perez,33
Chris Riley,35
Charlie Wi,37
Chad Collins,30
Bo Van Pelt,34
Jonathan Byrd,31
Kevin Sutherland,44
Fredrik Jacobson,34
David Toms,42
Bubba Watson,30
Bill Haas,26
J.B. Holmes,27
Jim Furyk,39
Briny Baird,37
Brandt Snedeker,28
Ben Crane,33
Tim Clark,33
Carl Pettersson,31
Phil Mickelson,38
Jeff Overton,25
Chris DiMarco,40
Ernie Els,39
D.J. Trahan,28
John Senden,38
K.J. Choi,39
Nick Watney,28
Jason Day,21
Ryuji Imada,32
John Rollins,33
Jeff Quinney,30
Chad Campbell,34
J.J. Henry,34
Kevin Streelman,30
Boo Weekley,33
Brian Gay,37
Michael Letzig,29
Stephen Ames,45
J.P. Hayes,43
Robert Allenby,37
Scott McCarron,43
Charles Warren,33
Heath Slocum,35
Stewart Cink,36
Ryan Palmer,32
Vaughn Taylor,33
Zach Johnson,33
Aaron Baddeley,28
Justin Leonard,36
Jay Williamson,42
Mark Wilson,34
James Driscoll,31
Hunter Mahan,27
Woody Austin,45
Chris Stroud,27
Ryan Moore,26
Brett Quigley,39
Vijay Singh,46
Will MacKenzie,34
John Merrick,27
Tim Petrovic,42
Bob Estes,43
Andres Romero,28
Kevin Stadler,29
Jimmy Walker,31
Padraig Harrington,37
Sean O'Hair,26
Jerry Kelly,42
Geoff Ogilvy,31
Lee Janzen,44
Davis Love III,45
Robert Garrigus,31
Martin Laird,26
Troy Matteson,29
Adam Scott,28
Kenny Perry,48
Camilo Villegas,27
Tim Herron,39
Johnson Wagner,29
Joe Ogilvie,35
Ben Curtis,31
Billy Mayfair,42
George McNeill,33
John Mallinger,29
Lucas Glover,29
Cliff Kresge,40
Scott Verplank,44
Cameron Beckman,39
Rocco Mediate,46
Jeff Maggert,45
Omar Uresti,40
Brian Davis,34
Stuart Appleby,38
Angel Cabrera,39
Rory Sabbatini,33
Rod Pampling,39
Brenden Pappas,39
Nathan Green,34
Alex Cejka,38
Mathew Goggin,34
Paul Goydos,44
Mathias Gronberg,39
Trevor Immelman,29
Nicholas Thompson,26
Ian Poulter,33
Sergio Garcia,29
David Duval,37
Steve Flesch,41
Ted Purdy,35
Mike Weir,39
Daniel Chopra,35
Steve Lowery,48
Jeff Gove,37
David Lutterus,24
Mark Calcavecchia,48
Justin Bolli,33
Greg Kraft,45
Harrison Frazar,37
Tag Ridings,34
Scott Sterling,37
Corey Pavin,49
Patrick Sheehan,39
Anthony Kim,23
Michael Allen,50
Nick O'Hern,37
Fred Couples,49
Rich Beem,38
Glen Day,43
Tommy Armour III,49
Brad Adamonis,36
Ken Duke,40
Chez Reavie,27
Bart Bryant,46
Jason Gore,35
Kent Jones,42
Peter Lonard,41
Todd Hamilton,43
Tom Lehman,50
Marc Turnesa,31
Parker McLachlin,30
Eric Axley,35
Bob Tway,50
John Huston,47
Shane Bertsch,39
Gavin Coles,40
Dudley Hart,40
John Riegger,45
Tim Wilkinson,30
Craig Kanada,40
Carlos Franco,43
Frank Lickliter II,39
Todd Demsey,36
Brad Elder,34
Jesper Parnevik,44
Alejandro Canizares,26
Doug LaBelle II,34
Steve Allan,35
Marco Dawson,45
Jim McGovern,44
Brandt Jobe,43
Jon Mills,31
Nick Flanagan,24
Tom Scherrer,38
Robert Gamez,40
Ron Whittaker,37
Ryan Armour,33
Paul Claxton,41
Shigeki Maruyama,39
Bob Sowards,40
Olin Browne,50
Kenneth Ferrie,30
Mark Hensby,36
Brett Rumford,32
Richard Johnson,32
Jin Park,29
Jason Allred,29
Billy Andrade,45
Stephen Leaney,40
Kyle Thompson,30
Cody Freeman,30
Travis Perkins,31
Matt Kuchar,31
Dean Wilson,40
Steve Stricker,43
Joe Durant,46
Justin Rose,29
Charley Hoffman,33
Retief Goosen,41
Charles Howell III,30
Steve Elkington,47
Kevin Na,26
Pat Perez,34
Chris Riley,36
Charlie Wi,38
Bo Van Pelt,35
Spencer Levin,25
Jonathan Byrd,32
Brendon de Jonge,29
Kevin Sutherland,45
Fredrik Jacobson,35
David Toms,43
Bubba Watson,31
Bill Haas,27
J.B. Holmes,28
Jim Furyk,40
Webb Simpson,24
Luke Donald,32
Briny Baird,38
Aron Price,28
Greg Chalmers,36
Brandt Snedeker,29
Ben Crane,34
Tim Clark,34
Carl Pettersson,32
Phil Mickelson,39
Jeff Overton,26
Bryce Molder,31
Chris DiMarco,41
Matt Jones,30
Ernie Els,40
D.J. Trahan,29
John Senden,39
K.J. Choi,40
Nick Watney,29
Jason Day,22
Ryuji Imada,33
John Rollins,34
Jeff Quinney,31
Dustin Johnson,25
Ricky Barnes,29
Chad Campbell,35
J.J. Henry,35
Kevin Streelman,31
Boo Weekley,34
Brian Gay,38
Michael Letzig,30
Stephen Ames,46
Robert Allenby,38
Scott McCarron,44
Charles Warren,34
Heath Slocum,36
Stewart Cink,37
Ryan Palmer,33
Vaughn Taylor,34
Shaun Micheel,41
Zach Johnson,34
Aaron Baddeley,29
Justin Leonard,37
Jay Williamson,43
Mark Wilson,35
Jason Bohn,37
James Driscoll,32
Hunter Mahan,28
Scott Piercy,31
Woody Austin,46
Chris Stroud,28
Ryan Moore,27
Brett Quigley,40
Vijay Singh,47
Jarrod Lyle,28
Will MacKenzie,35
John Merrick,28
Tim Petrovic,43
Bob Estes,44
Andres Romero,29
Kevin Stadler,30
Jimmy Walker,32
Padraig Harrington,38
Sean O'Hair,27
D.A. Points,33
Jerry Kelly,43
Geoff Ogilvy,32
Lee Janzen,45
Davis Love III,46
Robert Garrigus,32
Martin Laird,27
Marc Leishman,26
Troy Matteson,30
James Nitties,27
Adam Scott,29
Kenny Perry,49
Camilo Villegas,28
Tim Herron,40
Johnson Wagner,30
Joe Ogilvie,36
Ben Curtis,32
Billy Mayfair,43
Steve Marino,30
George McNeill,34
John Mallinger,30
Kris Blanks,37
Lucas Glover,30
Cliff Kresge,41
Scott Verplank,45
Cameron Beckman,40
Rocco Mediate,47
Jeff Maggert,46
Brian Davis,35
Stuart Appleby,39
Angel Cabrera,40
Rory Sabbatini,34
Y.E. Yang,38
Rod Pampling,40
Jason Dufner,33
Nathan Green,35
Alex Cejka,39
Mathew Goggin,35
Paul Goydos,45
Bill Lunde,34
Matt Bettencourt,35
Nicholas Thompson,27
Greg Owen,38
Ian Poulter,34
Sergio Garcia,30
David Duval,38
Steve Flesch,42
Ted Purdy,36
Mike Weir,40
Daniel Chopra,36
Steve Lowery,49
Mark Calcavecchia,49
Brad Faxon,48
Greg Kraft,46
Tiger Woods,34
Harrison Frazar,38
Tag Ridings,35
Matt Weibring,30
Scott Sterling,38
Corey Pavin,50
Patrick Sheehan,40
Bob Heintz,40
Anthony Kim,24
Michael Allen,51
Jeff Klauk,32
Nick O'Hern,38
Fred Couples,50
Rich Beem,39
Glen Day,44
Tommy Armour III,50
Tommy Gainey,34
David Mathis,36
Casey Wittenberg,25
Kirk Triplett,48
Mark Brooks,49
Brad Adamonis,37
Jonathan Kaye,39
Ken Duke,41
Chez Reavie,28
Colt Knost,24
Bart Bryant,47
Jason Gore,36
Kent Jones,43
Peter Lonard,42
Darron Stiles,35
Todd Hamilton,44
Tom Lehman,51
Brian Bateman,37
Gary Woodland,26
Derek Fathauer,24
Rick Price,42
Peter Tomasulo,28
Leif Olson,28
Marc Turnesa,32
Parker McLachlin,31
Brendon Todd,24
Eric Axley,36
Matthew Borchert,33
Matt Kuchar,32
Dean Wilson,41
Steve Stricker,44
Paul Stankowski,41
Joe Durant,47
Justin Rose,30
Paul Casey,33
Charley Hoffman,34
Retief Goosen,42
Charles Howell III,31
Steve Elkington,48
Kevin Na,27
Pat Perez,35
Chris Riley,37
Charlie Wi,39
Chad Collins,32
Bo Van Pelt,36
Spencer Levin,26
Tom Gillis,42
Jonathan Byrd,33
Brendon de Jonge,30
Kevin Sutherland,46
Fredrik Jacobson,36
David Toms,44
Bubba Watson,32
Bill Haas,28
J.B. Holmes,29
Jim Furyk,41
Webb Simpson,25
Luke Donald,33
Briny Baird,39
Aron Price,29
Greg Chalmers,37
Brandt Snedeker,30
Ben Crane,35
Tim Clark,35
Carl Pettersson,33
Phil Mickelson,40
Jeff Overton,27
Jeev Milkha Singh,39
Rickie Fowler,22
Bryce Molder,32
Chris Couch,38
Chris DiMarco,42
Matt Jones,31
Ernie Els,41
D.J. Trahan,30
John Senden,40
K.J. Choi,41
Nick Watney,30
Jason Day,23
Ryuji Imada,34
John Rollins,35
Jeff Quinney,32
Brett Wetterich,37
Dustin Johnson,26
Ricky Barnes,30
Chad Campbell,36
J.J. Henry,36
Michael Sim,26
Kevin Streelman,32
Boo Weekley,35
Brian Gay,39
Michael Letzig,31
Stephen Ames,47
Alex Prugh,26
J.P. Hayes,45
Robert Allenby,39
Scott McCarron,45
Charles Warren,35
Heath Slocum,37
Stewart Cink,38
Ryan Palmer,34
Vaughn Taylor,35
Shaun Micheel,42
Zach Johnson,35
Aaron Baddeley,30
Justin Leonard,38
Jay Williamson,44
Mark Wilson,36
Jason Bohn,38
James Driscoll,33
Hunter Mahan,29
Scott Piercy,32
Woody Austin,47
Chris Stroud,29
Matt Every,27
Ryan Moore,28
Blake Adams,35
Michael Bradley,44
Brett Quigley,41
Vijay Singh,48
Jarrod Lyle,29
Garrett Willis,37
Will MacKenzie,36
John Merrick,29
Tim Petrovic,44
Bob Estes,45
Andres Romero,30
Kevin Stadler,31
Jimmy Walker,33
Padraig Harrington,39
Sean O'Hair,28
D.A. Points,34
Jerry Kelly,44
Geoff Ogilvy,33
Lee Janzen,46
Davis Love III,47
Robert Garrigus,33
Martin Laird,28
Marc Leishman,27
Troy Matteson,31
James Nitties,28
Adam Scott,30
Josh Teater,32
Kenny Perry,50
Camilo Villegas,29
Tim Herron,41
Chris Tidland,38
Johnson Wagner,31
Rory McIlroy,22
Joe Ogilvie,37
Ben Curtis,33
Billy Mayfair,44
Steve Marino,31
George McNeill,35
Cameron Percy,37
John Mallinger,31
Troy Merritt,25
Kris Blanks,38
Lucas Glover,31
Cliff Kresge,42
Scott Verplank,46
Cameron Beckman,41
Rocco Mediate,48
Jeff Maggert,47
Skip Kendall,46
Omar Uresti,42
Brian Davis,36
Cameron Tringale,23
Stuart Appleby,40
Angel Cabrera,41
Rory Sabbatini,35
Y.E. Yang,39
Rod Pampling,41
John Daly,45
Jason Dufner,34
Brenden Pappas,41
Brian Stuard,28
Henrik Bjornstad,32
Nathan Green,36
Alex Cejka,40
Mathew Goggin,36
Paul Goydos,46
Mathias Gronberg,41
Trevor Immelman,31
Bill Lunde,35
Matt Bettencourt,36
Derek Lamely,30
Martin Flores,29
Nicholas Thompson,28
Greg Owen,39
Garth Mulroy,32
Roger Tambellini,36
Roland Thatcher,34
Ian Poulter,35
Brent Delahoussaye,29
Sergio Garcia,31
Steve Wheatcroft,33
David Duval,39
Steve Flesch,43
Ted Purdy,37
Rich Barcelo,35
Mike Weir,41
Daniel Chopra,37
Steve Lowery,50
Jeff Gove,39
David Lutterus,26
Craig Bowden,42
Mark Calcavecchia,50
Jerod Turner,36
Vance Veazey,45
Justin Bolli,35
Kevin Johnson,44
Brad Faxon,49
Greg Kraft,47
