Tag Ridings,36
Scott Sterling,39
Patrick Sheehan,41
Tommy Gainey,35
David Mathis,37
Casey Wittenberg,26
Brad Adamonis,38
Jonathan Kaye,40
Ken Duke,42
Colt Knost,25
Jason Gore,37
Kent Jones,44
Darron Stiles,36
Brian Bateman,38
Gary Woodland,27
Rick Price,43
Peter Tomasulo,29
Leif Olson,29
Matthew Borchert,34
Gavin Coles,42
John Riegger,47
Frank Lickliter II,41
Todd Demsey,38
Brad Elder,36
Doug LaBelle II,36
Marco Dawson,47
Brandt Jobe,45
Jon Mills,33
Nick Flanagan,26
Ron Whittaker,39
Ryan Armour,35
Paul Claxton,43
Mark Hensby,38
Jin Park,31
Stephen Leaney,42
Kyle Thompson,32
Craig Barlow,38
Dicky Pride,41
Andrew Buckle,28
Michael Putnam,27
D.J. Brigman,35
Scott Gutschewski,34
Jeff Brehaut,47
David Branshaw,41
Kyle Reifers,27
Bubba Dickerson,30
Bob May,42
David McKenzie,43
Tjaart van der Walt,36
Todd Fischer,41
Ryan Hietala,37
Hunter Haas,34
David Hearn,31
Jay Delsing,50
Steve Pate,49
Esteban Toledo,48
Steven Alker,39
Michael Clark II,42
Phil Tataurangi,39
Scott Dunlap,47
Kelly Grunewald,42
Jeff Gallagher,46
Geoffrey Sisk,45
Chris Kirk,25
Roberto Castro,25
Daniel Summerhays,27
Jamie Lovemark,22
Jeff Curl,32
Jhonattan Vegas,26
Kevin Chappell,24
William McGirt,31
Fabian Gomez,32
Brendan Steele,27
Brian Smock,37
Andrew Svoboda,31
Camilo Benedetti,31
Kevin Kisner,26
Jonas Blixt,26
Zack Miller,26
James Hahn,29
Chris Nallen,28
Rob Oppenheim,30
Scott Gardiner,34
Martin Piller,25
Jim Herman,33
Scott Brown,27
Keegan Bradley,24
Nate Smith,27
Adam Meyer,28
Steven Bowditch,27
Bobby Gates,25
Kyle Stanley,23
Joe Affrunti,29
Scott Stallings,25
Travis Bertoni,26
J.J. Killeen,29
Gary Christian,39
Justin Hicks,36
Luke List,25
Adam Bland,28
Jason Enloe,37
Chris Kamin,36
Alistair Presnell,31
Won Joon Lee,25
Justin Peters,33
John Kimbell,41
Bradley Iles,27
Dave Schultz,28
Josh Broadaway,32
Mark Anderson,24
Trevor Murphy,26
B.J. Staten,33
Ty Harris,28
Justin Smith,28
Barrett Jarosch,27
Dustin Risdon,29
Miguel Angel Carballo,31
Madalitso Muthiya,27
Brice Garnett,27
Garrett Osborn,26
Aaron Watkins,28
Brady Schnell,25
Jesse Hutchins,28
Bronson La'Cassie,27
Sal Spallone,32
Stephen Poole,27
Brian Vranesh,33
John Douma,36
Ted Brown,31
Bryan DeCorso,39
Dan Buchner,37
Ewan Porter,28
Diego Vanegas,34
Daniel Barbetti,28
Julien Trudeau,29
Bobby MacWhinnie,28
