Matt Kuchar,30
Dean Wilson,39
Steve Stricker,42
Joe Durant,45
Paul Casey,31
Charley Hoffman,32
Retief Goosen,40
Charles Howell III,29
Steve Elkington,46
Kevin Na,25
Pat Perez,33
Chris Riley,35
Charlie Wi,37
Chad Collins,30
Bo Van Pelt,34
Jonathan Byrd,31
Kevin Sutherland,44
Fredrik Jacobson,34
David Toms,42
Bubba Watson,30
Bill Haas,26
J.B. Holmes,27
Jim Furyk,39
Briny Baird,37
Brandt Snedeker,28
Ben Crane,33
Tim Clark,33
Carl Pettersson,31
Phil Mickelson,38
Jeff Overton,25
Chris DiMarco,40
Ernie Els,39
D.J. Trahan,28
John Senden,38
K.J. Choi,39
Nick Watney,28
Jason Day,21
Ryuji Imada,32
John Rollins,33
Jeff Quinney,30
Chad Campbell,34
J.J. Henry,34
Kevin Streelman,30
Boo Weekley,33
Brian Gay,37
Michael Letzig,29
Stephen Ames,45
J.P. Hayes,43
Robert Allenby,37
Scott McCarron,43
Charles Warren,33
Heath Slocum,35
Stewart Cink,36
Ryan Palmer,32
Vaughn Taylor,33
Zach Johnson,33
Aaron Baddeley,28
Justin Leonard,36
Jay Williamson,42
Mark Wilson,34
James Driscoll,31
Hunter Mahan,27
Woody Austin,45
Chris Stroud,27
Ryan Moore,26
Brett Quigley,39
Vijay Singh,46
Will MacKenzie,34
John Merrick,27
Tim Petrovic,42
Bob Estes,43
Andres Romero,28
Kevin Stadler,29
Jimmy Walker,31
Padraig Harrington,37
Sean O'Hair,26
Jerry Kelly,42
Geoff Ogilvy,31
Lee Janzen,44
Davis Love III,45
Robert Garrigus,31
Martin Laird,26
Troy Matteson,29
Adam Scott,28
Kenny Perry,48
Camilo Villegas,27
Tim Herron,39
Johnson Wagner,29
Joe Ogilvie,35
Ben Curtis,31
Billy Mayfair,42
George McNeill,33
John Mallinger,29
Lucas Glover,29
Cliff Kresge,40
Scott Verplank,44
Cameron Beckman,39
Rocco Mediate,46
Jeff Maggert,45
Omar Uresti,40
Brian Davis,34
Stuart Appleby,38
Angel Cabrera,39
Rory Sabbatini,33
Rod Pampling,39
Brenden Pappas,39
Nathan Green,34
Alex Cejka,38
Mathew Goggin,34
Paul Goydos,44
Mathias Gronberg,39
Trevor Immelman,29
Nicholas Thompson,26
Ian Poulter,33
Sergio Garcia,29
David Duval,37
Steve Flesch,41
Ted Purdy,35
Mike Weir,39
Daniel Chopra,35
Steve Lowery,48
Jeff Gove,37
David Lutterus,24
Mark Calcavecchia,48
Justin Bolli,33
Greg Kraft,45
Harrison Frazar,37
Tag Ridings,34
Scott Sterling,37
Corey Pavin,49
Patrick Sheehan,39
Anthony Kim,23
Michael Allen,50
Nick O'Hern,37
Fred Couples,49
Rich Beem,38
Glen Day,43
Tommy Armour III,49
Brad Adamonis,36
Ken Duke,40
Chez Reavie,27
Bart Bryant,46
Jason Gore,35
Kent Jones,42
Peter Lonard,41
Todd Hamilton,43
Tom Lehman,50
Marc Turnesa,31
Parker McLachlin,30
Eric Axley,35
Bob Tway,50
John Huston,47
Shane Bertsch,39
Gavin Coles,40
Dudley Hart,40
John Riegger,45
Tim Wilkinson,30
Craig Kanada,40
Carlos Franco,43
Frank Lickliter II,39
Todd Demsey,36
Brad Elder,34
Jesper Parnevik,44
Alejandro Canizares,26
Doug LaBelle II,34
Steve Allan,35
Marco Dawson,45
Jim McGovern,44
Brandt Jobe,43
Jon Mills,31
Nick Flanagan,24
Tom Scherrer,38
Robert Gamez,40
Ron Whittaker,37
Ryan Armour,33
Paul Claxton,41
Shigeki Maruyama,39
Bob Sowards,40
Olin Browne,50
Kenneth Ferrie,30
Mark Hensby,36
Brett Rumford,32
Richard Johnson,32
Jin Park,29
Jason Allred,29
Billy Andrade,45
Stephen Leaney,40
Kyle Thompson,30
Cody Freeman,30
Travis Perkins,31
